week_start,inflow_GWh_week,price_avg_NOK_MWh,price_std_NOK_MWh,iso_year,iso_week
1999-12-27,57.1574580192,124.17999425387498,0.10213768728180272,1999,52
2000-01-03,56.225840774400005,121.06831680584523,10.624722922785592,2000,1
2000-01-10,51.5677545504,117.46761196428572,3.6465527254248844,2000,2
2000-01-17,46.6356632544,120.26414144008334,3.587067830983241,2000,3
2000-01-24,45.5944439808,136.40966121189882,29.88498834891229,2000,4
2000-01-31,45.1012348512,117.38843597760714,10.631559276739068,2000,5
2000-02-07,53.924198169600004,99.34902619047618,7.468444416640046,2000,6
2000-02-14,50.088127161600006,102.74275,3.609263149745319,2000,7
2000-02-21,44.2244186208,102.68704833346132,10.166651913568005,2000,8
2000-02-28,55.9518357024,92.250776875,5.078137821319592,2000,9
2000-03-06,50.307331219199995,86.55321452380952,1.8903577631101707,2000,10
2000-03-13,43.62160746239999,88.95634720238095,2.216606690524115,2000,11
2000-03-20,42.9091942752,88.0783955952381,1.9793829691326106,2000,12
2000-03-27,42.2515821024,105.63898660706846,11.119663142921393,2000,13
2000-04-03,45.923250067199994,134.22377381779464,19.15694427395527,2000,14
2000-04-10,52.992580924799995,112.47665990280952,14.334622736284823,2000,15
2000-04-17,56.3902438176,91.62519273809525,9.531451606697594,2000,16
2000-04-24,49.7593210752,76.75412020833333,13.137817282069346,2000,17
2000-05-01,37.045485734399996,63.25509035714286,16.66269661946033,2000,18
2000-05-08,27.2361041568,62.58400377976191,4.958100415646882,2000,19
2000-05-15,19.7831661984,49.22646758928571,5.816065204381305,2000,20
2000-05-22,19.1255540256,65.88244422619047,7.180394835938664,2000,21
2000-05-29,42.0323780448,64.59652577380952,4.509126484092654,2000,22
2000-06-05,29.7569508192,78.41696967261905,9.42336509120186,2000,23
2000-06-12,19.6187631552,76.74744148809523,4.610609015766342,2000,24
2000-06-19,17.7555286656,79.71452839285715,7.339914784527327,2000,25
2000-06-26,16.6047073632,71.17293101190477,8.130542396680099,2000,26
2000-07-03,19.0159519968,58.580599285714285,7.310884504888483,2000,27
2000-07-10,35.8398634176,43.33028360119048,8.57689655964124,2000,28
2000-07-17,29.9761548768,38.42917922619048,3.549771650282086,2000,29
2000-07-24,27.6197112576,47.667903482142854,6.397929997310704,2000,30
2000-07-31,28.6061295168,64.56946357142857,6.844323406003577,2000,31
2000-08-07,23.29043112,79.35536586309524,4.45032889168334,2000,32
2000-08-14,29.044537631999997,78.08722494047619,10.376258970319759,2000,33
2000-08-21,45.8136480384,73.91094068452381,2.784434749110545,2000,34
2000-08-28,41.813173987199995,85.57856610119048,2.9975882929656836,2000,35
2000-09-04,43.183199347199995,93.6223831845238,7.048407589254356,2000,36
2000-09-11,47.8412855712,99.77998414817262,7.446926814759222,2000,37
2000-09-18,61.103131055999995,113.17910943521726,7.40068056101538,2000,38
2000-09-25,60.1715138112,117.09990563647618,6.277083422276364,2000,39
2000-10-02,57.815070192,120.43282245854166,0.846551235682152,2000,40
2000-10-09,139.9069897632,126.67866279750595,6.226847163917771,2000,41
2000-10-16,138.7561684608,117.63143635081845,13.488902715658707,2000,42
2000-10-23,118.4249921184,110.98432175803676,13.383416352089657,2000,43
2000-10-30,227.80781686080002,123.50259134109524,7.527880731396791,2000,44
2000-11-06,247.26217697279998,123.14847295278868,12.095551316565576,2000,45
2000-11-13,234.1099335168,136.5130300000625,8.381015633522441,2000,46
2000-11-20,222.9853275936,135.9439044048125,10.874887506763953,2000,47
2000-11-27,181.1721536064,132.1975306246964,9.317444502165664,2000,48
2000-12-04,134.26248528,126.71333135853571,5.718551818062721,2000,49
2000-12-11,125.3299199328,125.5441559304256,3.1435707958856463,2000,50
2000-12-18,60.390717868799996,156.1652996530982,25.397187939862985,2000,51
2000-12-25,51.4033515072,137.1708273502857,10.430655892068202,2000,52
2001-01-01,70.145298432,140.19379258933333,11.983123755485348,2001,1
2001-01-08,66.8024365536,162.12680357745833,21.37842437024124,2001,2
2001-01-15,52.0061626656,199.99309004894644,34.26530751824027,2001,3
2001-01-22,64.9940030784,163.1369308047292,9.696718208001949,2001,4
2001-01-29,56.7738509184,216.98605848580357,83.99181229606532,2001,5
2001-02-05,54.965417443199996,271.95768254664284,171.26564590551317,2001,6
2001-02-12,53.211784982400005,170.06860783437796,5.301643213105065,2001,7
2001-02-19,50.964943392,181.24070468547617,16.74433879475766,2001,8
2001-02-26,49.5401170176,264.11649332905057,57.16041162511966,2001,9
2001-03-05,48.224892671999996,197.4238525094524,10.77962526267883,2001,10
2001-03-12,53.321387011199995,194.11110755289582,3.3728737884809146,2001,11
2001-03-19,51.2937494784,213.72812981294643,7.942986799650268,2001,12
2001-03-26,49.594918031999995,217.91604539419046,17.04806406140488,2001,13
2001-04-02,75.4609968288,208.97271431225298,7.853071964235519,2001,14
2001-04-09,64.7747990208,202.74849355641368,4.389834946213693,2001,15
2001-04-16,55.9518357024,222.2170001117619,16.801313896200988,2001,16
2001-04-23,72.4469410368,229.1433618556637,17.45486795976347,2001,17
2001-04-30,73.1045532096,212.15376930956546,8.33959162635013,2001,18
2001-05-07,69.7068903168,189.64599239771724,30.85381762437527,2001,19
2001-05-14,54.4722083136,174.26792424894344,25.73015987166699,2001,20
2001-05-21,37.483893849599994,181.81846224036903,22.345885540623435,2001,21
2001-05-28,26.1948848832,203.85272549161013,13.455008007295627,2001,22
2001-06-04,22.084808803199998,205.66196026203573,11.617597913082202,2001,23
2001-06-11,22.5232169184,211.2277330645357,14.173330973214277,2001,24
2001-06-18,21.4819976448,188.1413245911994,35.838220276755074,2001,25
2001-06-25,21.2079925728,199.14267587613094,6.144454242353939,2001,26
2001-07-02,19.399559097599997,206.69601872059525,11.497821243422855,2001,27
2001-07-09,23.783640249599998,194.00498048339585,11.748793026301565,2001,28
2001-07-16,26.907298070399996,156.08658256999107,24.75878467754917,2001,29
2001-07-23,24.7152574944,154.2678300181012,12.670344142224334,2001,30
2001-07-30,20.9887885152,167.07319258388694,9.14479043087293,2001,31
2001-08-06,27.893716329599997,162.0356753994375,23.696030006047952,2001,32
2001-08-13,27.1813031424,162.10490794642263,18.26042733916058,2001,33
2001-08-20,27.6197112576,181.97183412113392,8.253224188841564,2001,34
2001-08-27,26.4140889408,176.41171758794644,17.906321832630987,2001,35
2001-09-03,25.044063580800003,169.28658569668156,11.99653774454366,2001,36
2001-09-10,27.159382736639998,171.22133075430062,5.392541372594267,2001,37
2001-09-17,26.1948848832,174.0396832040238,3.2646193311541887,2001,38
2001-09-24,31.76814804768,184.48404219460716,2.271636396840449,2001,39
2001-10-01,67.7340537984,161.16593884353276,17.021676435324565,2001,40
2001-10-08,118.26058907519999,135.3075787383363,16.90827651112695,2001,41
2001-10-15,53.978999184,149.7333710889107,4.68915519228598,2001,42
2001-10-22,55.1846215008,157.43160139392882,13.449590829364695,2001,43
2001-10-29,58.472682364799994,142.03682251908333,9.884376398713902,2001,44
2001-11-05,46.9096683264,160.9735384077143,9.758080648849804,2001,45
2001-11-12,39.3471283392,174.4161142255774,4.427687220815298,2001,46
2001-11-19,39.6759344256,180.0073191689851,9.966485257489975,2001,47
2001-11-26,53.321387011199995,174.7216819708482,8.612577563860883,2001,48
2001-12-03,80.22868508159999,176.44944924508633,5.863596166279889,2001,49
2001-12-10,58.3082793216,184.79114758503871,9.652940942412366,2001,50
2001-12-17,49.3757139744,201.30821393464288,11.763107940497072,2001,51
2001-12-24,41.3199648576,182.87496025964882,6.605135196090042,2001,52
2001-12-31,43.183199347199995,212.87405199548513,35.93334805456942,2002,1
2002-01-07,41.758372972800004,193.10384988329764,11.985625253009585,2002,2
2002-01-14,46.30685716799999,180.60348708945236,6.399095700403258,2002,3
2002-01-21,44.7724287648,183.44228394652083,3.3779326266489043,2002,4
2002-01-28,55.83675357215999,178.17067068892857,13.7410025297178,2002,5
2002-02-04,80.77669522560001,156.42995965560416,9.665053065289683,2002,6
2002-02-11,56.225840774400005,155.88821979460417,8.423952629844726,2002,7
2002-02-18,46.9644693408,156.5007718620238,6.595770584894549,2002,8
2002-02-25,41.88441530592,155.82228756316667,8.787443006815316,2002,9
2002-03-04,44.553224707199995,146.91258043336902,7.16883555201413,2002,10
2002-03-11,48.224892671999996,147.21930693535714,6.973811533029924,2002,11
2002-03-18,46.6356632544,140.66455279834227,4.086284140518823,2002,12
2002-03-25,41.758372972800004,136.4674610712381,7.648291573484342,2002,13
2002-04-01,40.6623526848,136.13945908796725,6.873801587414863,2002,14
2002-04-08,45.895849559999995,135.0644282440476,3.7623917174976813,2002,15
2002-04-15,31.872269975040002,138.25998422571132,7.765158451140703,2002,16
2002-04-22,23.071227062400002,122.87709897316368,15.125595491712923,2002,17
2002-04-29,80.8862972544,114.54402098029166,13.520964595341047,2002,18
2002-05-06,32.59564336512,110.53400120429761,11.85905563219315,2002,19
2002-05-13,19.0707530112,113.32844107089882,6.74745780461645,2002,20
2002-05-20,19.942089140159997,110.18138303380059,6.821524581509809,2002,21
2002-05-27,43.4846049264,119.94327727155952,7.454261946999557,2002,22
2002-06-03,34.3054350144,119.23617946088393,7.042879899839948,2002,23
2002-06-10,23.2356301056,106.25124950847619,6.4743589096263285,2002,24
2002-06-17,25.0988645952,99.94016051942262,10.946114944925565,2002,25
2002-06-24,24.276849379199998,108.91483995776787,2.1422522479305397,2002,26
2002-07-01,27.3731066928,111.93886231913096,1.6753719521672572,2002,27
2002-07-08,48.937305859199995,112.42464270125001,6.673980014555359,2002,28
2002-07-15,43.5120054336,101.31501053571428,5.51577584943653,2002,29
2002-07-22,31.5653842944,104.87190955357143,2.3551107910233453,2002,30
2002-07-29,24.0576453216,115.24844287340774,4.61204758029684,2002,31
2002-08-05,23.29043112,133.242269879247,2.2304028042878326,2002,32
2002-08-12,29.482945747200002,141.79403922589285,2.776293607823971,2002,33
2002-08-19,23.87680197408,153.6383220239375,3.584136863760686,2002,34
2002-08-26,23.0986275696,166.44911102020833,4.579857036495122,2002,35
2002-09-02,26.907298070399996,171.11376483254168,4.2902669299623915,2002,36
2002-09-09,23.619237206399998,173.44054645061902,0.9416985231003687,2002,37
2002-09-16,21.372395616,179.66279661431847,2.282740002714348,2002,38
2002-09-23,19.892768227199998,187.3813885124762,1.8410564695786282,2002,39
2002-09-30,23.071227062400002,191.1023243466875,0.8923629428079297,2002,40
2002-10-07,24.3316503936,215.32234007766073,6.048408742999871,2002,41
2002-10-14,25.044063580800003,242.18896608635416,8.37256893608619,2002,42
2002-10-21,75.8446039296,251.25910476148164,10.477136341007329,2002,43
2002-10-28,61.431937142399995,256.33681016482143,3.584392490151876,2002,44
2002-11-04,44.169617606399996,275.5566560005714,5.331495592691139,2002,45
2002-11-11,41.0459597856,318.33224275113395,20.37989022637303,2002,46
2002-11-18,38.4703121088,339.0322660988899,12.284303595850071,2002,47
2002-11-25,35.346654287999996,364.302883407756,10.731582462240837,2002,48
2002-12-02,29.482945747200002,492.32939681029467,80.48912935524274,2002,49
2002-12-09,38.744317180799996,656.1448770767144,39.1442958071809,2002,50
2002-12-16,41.758372972800004,532.8370684754108,47.36280487503761,2002,51
2002-12-23,37.429092835199995,525.4856169475149,14.38814731675834,2002,52
2002-12-30,28.6609305312,704.5691380453751,88.08807564884012,2003,1
2003-01-06,32.1681954528,763.9754520514047,61.66205285938161,2003,2
2003-01-13,46.5260612256,479.03256708392263,112.66892083196382,2003,3
2003-01-20,72.337339008,340.4851269122619,42.05720026552894,2003,4
2003-01-27,50.690938319999994,329.11005944369043,15.846388511112902,2003,5
2003-02-03,40.7719547136,348.7378718096994,40.793705487020894,2003,6
2003-02-10,30.14055792,362.80385089078874,17.28693424968042,2003,7
2003-02-17,28.7157315456,386.14972890216666,14.268885274698391,2003,8
2003-02-24,32.0037924096,375.7307126027471,6.059058331170819,2003,9
2003-03-03,36.365953155839996,370.3300828110714,13.820645953166425,2003,10
2003-03-10,50.252530204799996,335.65697332228274,14.783443750700322,2003,11
2003-03-17,48.2796936864,293.24383185895533,17.506098123329338,2003,12
2003-03-24,46.071212806080005,263.1931448206488,9.68029873465304,2003,13
2003-03-31,44.114816592,254.06154382978275,5.352745968784231,2003,14
2003-04-07,30.40908289056,273.44429871220535,8.394836798670445,2003,15
2003-04-14,26.29352670912,253.46940967713095,16.29918810371375,2003,16
2003-04-21,38.31686926848,245.71215645544345,13.100432319030894,2003,17
2003-04-28,44.701187446080006,247.31166344138987,9.234889098947507,2003,18
2003-05-05,36.3878735616,258.23357546008333,12.12820542189617,2003,19
2003-05-12,62.9115645312,251.76499492826193,31.859853468361685,2003,20
2003-05-19,62.49507682176001,218.91768264449703,24.691522716576152,2003,21
2003-05-26,55.21202200799999,188.0672373336101,28.525767522570025,2003,22
2003-06-02,42.91467437664,178.9125210009375,32.272994146537314,2003,23
2003-06-09,24.989262566399997,192.01940637447024,29.783980604119463,2003,24
2003-06-16,19.60232285088,201.9686458483363,30.915724051514925,2003,25
2003-06-23,18.632344896,213.82494596616965,4.950087123110396,2003,26
2003-06-30,24.989262566399997,220.10654336530953,16.334400121578454,2003,27
2003-07-07,20.4407783712,212.76710719170836,22.346947915554843,2003,28
2003-07-14,15.5360875824,233.1472813213214,8.009001301412228,2003,29
2003-07-21,22.84654290336,237.86570951823515,20.126445539550296,2003,30
2003-07-28,38.1415060224,247.42353674852976,6.470483565767294,2003,31
2003-08-04,28.101960184319996,296.97900652625896,14.105634908080386,2003,32
2003-08-11,26.07432265152,294.51049286557145,53.515462530995435,2003,33
2003-08-18,26.86893736032,250.26763669308633,37.05416454129123,2003,34
2003-08-25,16.8787124352,263.2748706858958,7.767703754734684,2003,35
2003-09-01,15.393604944959998,274.1848560939107,7.600592222372259,2003,36
2003-09-08,23.449354061759998,273.9434313066816,9.164080834043093,2003,37
2003-09-15,29.24730138528,269.30571661579165,4.946338787750571,2003,38
2003-09-22,28.041679068479997,247.74217288516073,13.043808272165979,2003,39
2003-09-29,27.36214648992,261.9351012839613,4.641270655271145,2003,40
2003-10-06,25.32354875424,266.3193868590893,6.3828441219207015,2003,41
2003-10-13,24.824859523199997,296.06051219275,7.773141527833425,2003,42
2003-10-20,27.95947754688,311.64918745169615,9.129875309088812,2003,43
2003-10-27,37.418132632319995,301.0868069551726,8.007471625563213,2003,44
2003-11-03,44.62994612736,306.7352015574285,4.1490906752131655,2003,45
2003-11-10,35.5110573312,308.4005507852143,6.075639435877063,2003,46
2003-11-17,45.5670434736,299.3460648446845,6.10658240741538,2003,47
2003-11-24,58.050714553919995,294.0618652661101,6.202005289216745,2003,48
2003-12-01,60.32495665151999,283.4900532877262,5.264835880131394,2003,49
2003-12-08,48.58657936704,277.88641469513095,7.361581688555503,2003,50
2003-12-15,42.487226464319996,262.11342148578575,12.867489971127696,2003,51
2003-12-22,42.02689794336,251.28741234749705,7.345480505028306,2003,52
2003-12-29,47.71524323808,250.65569222085713,4.176956201085503,2004,1
2004-01-05,48.153651353280004,247.59579634172323,9.527616680686222,2004,2
2004-01-12,61.1853325776,241.4245934184792,5.44971797330952,2004,3
2004-01-19,47.74812384671999,259.11270165432444,16.337151454032202,2004,4
2004-01-26,44.3066201424,252.2875034037738,7.899084457345765,2004,5
2004-02-02,48.7181018016,236.08169849183332,10.907081580463386,2004,6
2004-02-09,47.852245774080004,248.2439050825863,13.010046004775129,2004,7
2004-02-16,43.69832888256,241.56580929669644,4.542325717598665,2004,8
2004-02-23,41.3473653648,245.25835968128573,0.9813675872038709,2004,9
2004-03-01,41.4021663792,251.16970864186604,5.95849007781086,2004,10
2004-03-08,41.22132303168,257.66921978507145,2.9255923432531072,2004,11
2004-03-15,66.64899371328,251.58923769109524,3.2987988689036163,2004,12
2004-03-22,59.62898376863999,257.3510815604048,4.005907577586326,2004,13
2004-03-29,54.65853176256,256.0556752191339,2.6419286945587017,2004,14
2004-04-05,65.72833667136,257.8032993839643,1.6931953239029207,2004,15
2004-04-12,53.293986503999996,258.05909846090475,2.016283285753989,2004,16
2004-04-19,60.0619117824,241.12597432742857,13.306762097989806,2004,17
2004-04-26,52.05548357855999,218.46182504184821,21.23577168133571,2004,18
2004-05-03,61.16341217183999,207.1487262744613,38.88976239014986,2004,19
2004-05-10,56.8834529472,231.52990108667856,11.009527957636806,2004,20
2004-05-17,36.437194474559995,235.29990172391072,10.340933839427478,2004,21
2004-05-24,32.26683727872,257.32793597084526,4.058553001409247,2004,22
2004-05-31,29.471985544319995,262.16314277562503,6.717103563715475,2004,23
2004-06-07,21.88204504992,266.912302287997,6.6231844589286455,2004,24
2004-06-14,18.41862093984,268.33637320988987,5.48240166067683,2004,25
2004-06-21,24.53441414688,267.0266188946964,9.404289774053037,2004,26
2004-06-28,19.35023818464,267.16424853767563,11.181244005399352,2004,27
2004-07-05,20.18321360352,249.22049760152976,18.059976700501345,2004,28
2004-07-12,23.96448359712,255.68254850572023,6.719740962023196,2004,29
2004-07-19,18.709066316159998,249.6693852728155,7.411933263030159,2004,30
2004-07-26,15.453886060799999,253.87162026916963,3.332972629134266,2004,31
2004-08-02,16.6047073632,262.5243833740714,4.052406720088661,2004,32
2004-08-09,16.303301784,274.4507830632321,3.2983287515823108,2004,33
2004-08-16,18.133655664959996,278.1688063749167,8.621323906527573,2004,34
2004-08-23,41.802213784319996,280.90280798066664,7.904124326066556,2004,35
2004-08-30,77.88320166528,270.081555475003,8.92880271629767,2004,36
2004-09-06,48.904425250559996,268.8089519837232,7.466468988647966,2004,37
2004-09-13,45.06835424256,246.74646659265477,22.07590148124745,2004,38
2004-09-20,49.129109409600005,215.37017930929463,12.054008753949429,2004,39
2004-09-27,42.67903001472,214.37810154711013,14.072565189385003,2004,40
2004-10-04,82.02067825248,213.76314791887202,7.863580314865681,2004,41
2004-10-11,61.57989988128,234.7920202217887,3.5568836565838162,2004,42
2004-10-18,77.09954715936,236.9565044810863,5.35629794326904,2004,43
2004-10-25,72.24965738496,242.0076145170374,1.3141063234436399,2004,44
2004-11-01,57.984953336640004,242.43117643151786,1.867730427914972,2004,45
2004-11-08,54.6914123712,240.3206812031012,6.10536178238273,2004,46
2004-11-15,48.05500952736,238.35856236131846,3.3462117435306498,2004,47
2004-11-22,45.96161077728,240.8153134641964,6.880830060560644,2004,48
2004-11-29,44.569665011519994,236.87609691416074,9.351541628350587,2004,49
2004-12-06,42.574908087359994,223.36065659520537,7.080941544337063,2004,50
2004-12-13,39.13888448448,211.94420545519048,8.376238610810814,2004,51
2004-12-20,45.10671495264,207.73718845090178,10.945981019520818,2004,52
2004-12-27,48.65234058432,202.22336868722618,7.77224107871132,2004,53
2005-01-03,58.050714553919995,190.7367604448006,17.20556913066155,2005,1
2005-01-10,67.0490411184,182.6334821926488,5.7271690509625435,2005,2
2005-01-17,56.02307702112,180.3105771843631,5.24203993255802,2005,3
2005-01-24,50.28541081344,196.0056328997768,10.732926163288592,2005,4
2005-01-31,48.0330891216,190.6580489360149,6.457905965660115,2005,5
2005-02-07,46.08217300896,189.81148531396727,11.072540661747196,2005,6
2005-02-14,44.07097578048,203.34081082972918,13.103025068446254,2005,7
2005-02-21,45.02999353248,222.7366513935536,20.928190377768715,2005,8
2005-02-28,44.71214764896,256.3748559572857,27.83427359831575,2005,9
2005-03-07,44.449102779840004,231.26910044339283,7.91124441195491,2005,10
2005-03-14,43.44624421632,234.95426540616668,10.64257063817985,2005,11
2005-03-21,32.940889755840004,225.53764439475,16.016988407285616,2005,12
2005-03-28,39.4841308752,231.83087092504164,12.815680653311361,2005,13
2005-04-04,46.26301635648,240.64899679450596,5.521078298571436,2005,14
2005-04-11,39.30876762912,245.87661526509524,10.43075194011384,2005,15
2005-04-18,22.14508991904,264.1233171642857,7.82959970048445,2005,16
2005-04-25,21.55871906496,257.95336071073814,14.525727373102933,2005,17
2005-05-02,16.90063284096,244.4569791748988,16.44434727616157,2005,18
2005-05-09,16.28686147968,260.90136095790774,16.941527001104777,2005,19
2005-05-16,19.19679534432,253.04095131516368,14.015140527734834,2005,20
2005-05-23,25.93732011552,233.13815627112498,20.6058280717667,2005,21
2005-05-30,22.249211846399998,228.4269681541339,18.55295003445128,2005,22
2005-06-06,18.8789494608,218.93185958598514,9.020378218830942,2005,23
2005-06-13,31.061214961919994,199.63431910302978,21.777258785840253,2005,24
2005-06-20,22.101249107519997,186.09747984958037,31.1499627862217,2005,25
2005-06-27,16.28686147968,204.5707174631994,5.340917906985342,2005,26
2005-07-04,15.95805539328,226.61003665084522,5.31683626452121,2005,27
2005-07-11,15.711450828479999,240.39765325754166,5.149033294742165,2005,28
2005-07-18,16.06765742208,233.1816962147738,15.697745572636578,2005,29
2005-07-25,15.7826921472,219.36705986961903,3.5867683509730726,2005,30
2005-08-01,17.065035884159997,237.9294589358363,5.548834727943016,2005,31
2005-08-08,17.3445210576,237.21375767460714,4.498003994714375,2005,32
2005-08-15,15.722411031359998,249.11742508132738,5.24029581108109,2005,33
2005-08-22,17.574685318079997,249.19650974269345,15.088056419986541,2005,34
2005-08-29,17.29520014464,240.55578896997025,12.234450268191646,2005,35
2005-09-05,16.94447365248,240.0218053764792,9.713528558149886,2005,36
2005-09-12,16.56634665312,228.81155587674704,11.11539357346107,2005,37
2005-09-19,16.10053803072,220.1677698144167,12.441383656558584,2005,38
2005-09-26,17.317120550400002,226.7379804149137,2.793958543160261,2005,39
2005-10-03,19.21871575008,229.69816681864583,4.365609660186165,2005,40
2005-10-10,17.10887669568,253.26880353750894,12.671979698601628,2005,41
2005-10-17,19.366678488959998,273.878513562622,7.852002431281934,2005,42
2005-10-24,34.765763535359994,260.34421897842793,11.92396128333236,2005,43
2005-10-31,92.42191078559999,229.46657274179762,18.280642671312197,2005,44
2005-11-07,82.02067825248,208.22153618215773,12.852555427984111,2005,45
2005-11-14,52.033563172799994,230.90920004752084,25.285121534146153,2005,46
2005-11-21,42.28994281248,258.8840083050298,1.6489117036578642,2005,47
2005-11-28,49.54559711904,278.2301851786994,20.584740905443155,2005,48
2005-12-05,44.810789474879996,273.6218418583274,5.584452274950534,2005,49
2005-12-12,48.42217632384,272.1996512557589,2.2432430890270507,2005,50
2005-12-19,43.93945334591999,271.33357434142556,13.619029819252985,2005,51
2005-12-26,39.867737976,272.39191244083634,10.197434132412775,2005,52
2006-01-02,42.03785814624,296.62741683334224,10.319311161647423,2006,1
2006-01-09,45.22179708288,295.5658833792798,9.750144677898568,2006,2
2006-01-16,46.76718568896,327.99798436438397,24.507411066268585,2006,3
2006-01-23,45.227277184319995,333.37126346294946,25.526317697552273,2006,4
2006-01-30,43.43528401344,328.38698030775896,4.167964546588204,2006,5
2006-02-06,43.65448807104,334.3240370282976,3.5485250485423716,2006,6
2006-02-13,43.18867944864,342.0494716679464,4.477358588891906,2006,7
2006-02-20,42.04881834912,357.8928841624285,4.270246954345434,2006,8
2006-02-27,42.2241815952,373.5970661679107,8.604803995226037,2006,9
2006-03-06,44.29565993951999,394.8715919991429,3.091313251916874,2006,10
2006-03-13,44.520344098559995,423.830846840625,10.497050215752775,2006,11
2006-03-20,44.142217099199996,452.9466616095833,9.946746737861714,2006,12
2006-03-27,47.74812384672,424.3393516476131,8.30294625345858,2006,13
2006-04-03,51.87464023104,422.4397078990477,5.862034053687992,2006,14
2006-04-10,57.38214217823999,421.6475849090119,3.6592946429627804,2006,15
2006-04-17,61.1853325776,433.6298502372857,6.19225921926101,2006,16
2006-04-24,65.61325454112,406.49030978988094,33.34030204609229,2006,17
2006-05-01,78.3106495776,316.9570707678125,53.36509198825192,2006,18
2006-05-08,58.87272976991999,280.9691865767738,18.822187441837112,2006,19
2006-05-15,53.78171553215999,316.9903646450803,14.580090911746165,2006,20
2006-05-22,63.05404716864,317.56911730645237,3.961895410613778,2006,21
2006-05-29,45.199876677119995,328.68535492919347,14.211889446316835,2006,22
2006-06-05,24.161767248959997,331.8216210569464,16.015980220744744,2006,23
2006-06-12,18.714546417599998,347.7567606183542,9.944889931352769,2006,24
2006-06-19,16.7691104064,349.34700733112794,12.746572808255216,2006,25
2006-06-26,17.158197608640002,363.59467352803574,13.11291087609898,2006,26
2006-07-03,15.678570219840001,373.4209971849435,13.121219065268589,2006,27
2006-07-10,16.215620160959997,377.1466261257916,3.4862368898821336,2006,28
2006-07-17,15.695010524159999,411.90151148693155,6.461224737882508,2006,29
2006-07-24,15.623769205440002,427.78603522737797,4.106324156741325,2006,30
2006-07-31,16.23754056672,455.6030105740655,8.890578063553912,2006,31
2006-08-07,15.815572755840002,483.8522592310119,11.20437855171044,2006,32
2006-08-14,17.62400623104,515.7762630113868,15.158235402116668,2006,33
2006-08-21,23.63567751072,616.5909233408453,26.93666777706349,2006,34
2006-08-28,86.5582022448,591.0179691543007,42.473209795724244,2006,35
2006-09-04,54.80649450144,537.6457295466578,8.215946772377091,2006,36
2006-09-11,32.15175514848,541.947733150128,6.89521073927382,2006,37
2006-09-18,33.17105401631999,543.208847738125,14.245554668426701,2006,38
2006-09-25,39.63757371552,512.7847059808304,20.62256413113129,2006,39
2006-10-02,61.821024344639994,484.3366566852113,14.2562259518454,2006,40
2006-10-09,56.82317183136,487.66948566500594,7.634660114319137,2006,41
2006-10-16,51.97328205696,474.5651420751578,22.286584512448087,2006,42
2006-10-23,66.64899371328,456.07010450264863,8.008161526896604,2006,43
2006-10-30,60.53320050623999,450.2484357661548,18.653629043535258,2006,44
2006-11-06,52.78433707008,421.67803253384227,12.92184041481285,2006,45
2006-11-13,54.92705673312,394.47115413501484,29.043603706295464,2006,46
2006-11-20,117.75093964128,356.7830529071101,21.629651160510807,2006,47
2006-11-27,130.46477498207997,295.38587395780354,37.046853648407065,2006,48
2006-12-04,129.07282921632,268.7015305404494,12.705063698662348,2006,49
2006-12-11,105.34947008256,275.1260432946191,5.413396947103488,2006,50
2006-12-18,62.70332067648,287.1956462105595,19.468796767297363,2006,51
2006-12-25,54.718812878399994,270.50845231716966,10.352303195631931,2006,52
2007-01-01,74.5019790768,254.53168670430358,15.951949347812752,2007,1
2007-01-08,73.35663787584,214.3667597040744,15.860946426078652,2007,2
2007-01-15,72.7209461088,208.1469827783988,4.8434710499506775,2007,3
2007-01-22,59.16865524768001,240.33288286169642,29.94501334957903,2007,4
2007-01-29,52.06096368,218.39275821432145,15.422750851578499,2007,5
2007-02-05,47.93992739712,228.69462270109526,8.87598102348692,2007,6
2007-02-12,46.65758366015999,220.14606142293155,16.196748094004636,2007,7
2007-02-19,45.6492449952,230.20653715275003,14.748969572583274,2007,8
2007-02-26,51.88560043391999,214.43994618232142,10.768500308637012,2007,9
2007-03-05,66.14482438079999,199.84651208657144,13.219196196594318,2007,10
2007-03-12,73.3237572672,185.99613577228274,11.820111850916547,2007,11
2007-03-19,61.492218258239994,191.81318459882738,11.871027464385891,2007,12
2007-03-26,56.044997426879995,184.70899262287205,4.474821767250254,2007,13
2007-04-02,52.844618185920005,185.53751636860713,6.481829310512664,2007,14
2007-04-09,47.83580546976,186.77365900757144,12.112787645221161,2007,15
2007-04-16,42.898234072319994,184.41231491741965,3.8048963285543262,2007,16
2007-04-23,43.66544827392,173.01357968067856,18.874991234746457,2007,17
2007-04-30,33.62590243584,164.23245432295238,8.368270031410228,2007,18
2007-05-07,27.663552069119998,175.30046492325,10.907945373148822,2007,19
2007-05-14,25.175586015359997,171.38089581722025,13.448616816582987,2007,20
2007-05-21,21.2079925728,166.28580293186906,15.076966195571204,2007,21
2007-05-28,24.1946478576,167.6402069906012,18.073500133068386,2007,22
2007-06-04,19.2351560544,153.04757818063095,5.199296834815306,2007,23
2007-06-11,18.084334752,177.51117455009225,7.320889795220155,2007,24
2007-06-18,17.71168785408,193.92478705625595,4.442676383491792,2007,25
2007-06-25,19.36119838752,193.6930285548363,7.065618391368119,2007,26
2007-07-02,55.90251478944,156.66644157943156,33.08926848550957,2007,27
2007-07-09,40.28422568544,142.9280912183095,18.883643801355497,2007,28
2007-07-16,41.34188526336,53.00534944221726,40.80123341280712,2007,29
2007-07-23,36.83724187968,58.66400315476191,20.917923686377303,2007,30
2007-07-30,19.383118793279998,38.48415613095238,11.153616603891686,2007,31
2007-08-06,17.634966433920003,33.7583143452381,9.184555917689767,2007,32
2007-08-13,47.32615603583999,33.77081446428571,15.728594298436224,2007,33
2007-08-20,44.18057780928,30.345891726190473,6.703872519244075,2007,34
2007-08-27,27.159382736639998,92.48429598214285,18.365219014713517,2007,35
2007-09-03,19.909208531519997,142.07154578169346,16.676305816244113,2007,36
2007-09-10,19.60780295232,155.77882140435418,5.0685034481655284,2007,37
2007-09-17,19.35023818464,147.0077708531875,9.789370522837281,2007,38
2007-09-24,16.73622979776,136.87036744729465,9.967474224022046,2007,39
2007-10-01,21.00522881952,184.73651425158033,20.499561365826356,2007,40
2007-10-08,34.3054350144,238.60307997792557,20.220233487840975,2007,41
2007-10-15,32.66688468384,302.0423460648393,18.02824567227246,2007,42
2007-10-22,30.72692877408,338.47227933482367,6.923513784850059,2007,43
2007-10-29,31.41194145408,331.1412422698066,8.893885748887906,2007,44
2007-11-05,18.791267837759996,338.58285731687795,3.135802473775492,2007,45
2007-11-12,22.15057002048,370.09268122047024,8.42961015524587,2007,46
2007-11-19,25.887999202559996,387.52108203056247,4.3821745264581615,2007,47
2007-11-26,40.96923836544,394.6554258472024,18.4585795046495,2007,48
2007-12-03,63.01568645856,368.937981943381,10.464556150758247,2007,49
2007-12-10,46.739785181760006,389.2679052059881,5.669967442580866,2007,50
2007-12-17,39.22108600608,386.32666973216965,12.267685277584922,2007,51
2007-12-24,40.114342540799996,365.2825117443631,4.019870123395846,2007,52
2007-12-31,45.41971642648704,374.1257239029643,8.563281727799207,2008,1
2008-01-07,56.211192463250875,375.1355702759405,8.752900137492787,2008,2
2008-01-14,117.89169056666496,362.60650872011905,9.529856188260096,2008,3
2008-01-21,66.97502138824993,342.939051741741,14.5980384077618,2008,4
2008-01-28,67.12983973403136,327.07610194953867,9.954345621764512,2008,5
2008-02-04,74.01284166256991,314.40347261935415,7.19249380562618,2008,6
2008-02-11,58.5637616507328,315.22467895768153,7.061082629275975,2008,7
2008-02-18,54.832103015469116,281.4312141441369,24.930366049056015,2008,8
2008-02-25,56.135994511291194,236.48852453153273,14.01483537560997,2008,9
2008-03-03,53.46919630723968,225.5768776182024,12.913196202995284,2008,10
2008-03-10,75.75928971038208,204.97772970010715,9.88090491208755,2008,11
2008-03-17,57.68563019598719,206.70075378410417,5.17835699265568,2008,12
2008-03-24,51.19846695466272,206.40717758010118,5.084948812492181,2008,13
2008-03-31,84.91863261537216,197.0190326716012,5.9854710548852035,2008,14
2008-04-07,69.67366446176928,211.47510593751485,12.637604779137927,2008,15
2008-04-14,76.43373675480575,260.5722511453601,17.946529335467815,2008,16
2008-04-21,69.0013272564,217.4651522924345,28.535308893115605,2008,17
2008-04-28,119.8189381211856,123.9567304753512,42.16339788464401,2008,18
2008-05-05,75.34422682731649,78.626880625,17.700248346927683,2008,19
2008-05-12,57.50090145654624,79.67647541666668,6.418827270651511,2008,20
2008-05-19,52.414227459126714,123.98317465849702,10.310343478100854,2008,21
2008-05-26,50.9599839001968,121.51201755075894,13.107453547817583,2008,22
2008-06-02,37.55767135926643,101.63599092261904,5.78323383209307,2008,23
2008-06-09,17.929966322546782,174.39532170402381,41.734925074050516,2008,24
2008-06-16,21.002762773872,273.702341343628,15.142669635761402,2008,25
2008-06-23,19.20451242316781,256.1038837782411,10.95910759764854,2008,26
2008-06-30,16.449802431815808,271.1268522719762,7.713809147346056,2008,27
2008-07-07,19.505027485883808,283.85225172036013,8.175111856071675,2008,28
2008-07-14,25.227485316047517,293.5879034771637,26.468263881685314,2008,29
2008-07-21,40.62223669822877,323.5948625461637,20.79068562466868,2008,30
2008-07-28,36.49511311866922,337.4128919662232,17.737049049570523,2008,31
2008-08-04,18.54598781347805,340.9021615493244,12.24986881792662,2008,32
2008-08-11,44.4184465443745,347.4919566587262,19.58688508312958,2008,33
2008-08-18,38.93885256176784,408.93329298024406,32.55134004490227,2008,34
2008-08-25,25.0755281312279,488.17307814704765,11.540635720681417,2008,35
2008-09-01,34.897569839174594,506.46693114027977,11.234125032263922,2008,36
2008-09-08,64.09013158719073,509.9539828533601,5.7416936956897295,2008,37
2008-09-15,55.0514824363152,526.1757885228988,4.971374552522587,2008,38
2008-09-22,47.540734887824634,542.8368879227083,8.74577878596913,2008,39
2008-09-29,44.491496844579835,529.6089541399762,9.2198833111393,2008,40
2008-10-06,54.53399097723456,502.9044242341756,25.14981288706121,2008,41
2008-10-13,54.24335379736416,460.1627891918006,12.641484458347916,2008,42
2008-10-20,46.450884098025796,407.00020974583714,21.164314765497167,2008,43
2008-10-27,47.61986316853709,425.025506639381,13.632666158294956,2008,44
2008-11-03,53.73106295455007,448.7518756021548,12.180673425532174,2008,45
2008-11-10,82.29412983423457,447.39233238553277,18.84781901526841,2008,46
2008-11-17,55.04140452976704,427.3882659988988,18.74512640214379,2008,47
2008-11-24,47.061823342881596,411.26158029354167,13.739502199846976,2008,48
2008-12-01,43.1860988688719,413.08617690103574,20.01929263177201,2008,49
2008-12-08,45.94056170764897,411.5098545548393,12.841024921269026,2008,50
2008-12-15,42.79545093374179,395.85158809780063,26.757803907099884,2008,51
2008-12-22,40.53854623306752,384.012497474494,9.037217260069895,2008,52
2008-12-29,31.47069307360809,413.3713590624587,9.174556467127244,2009,1
2009-01-05,33.40943842896,403.2871206656667,22.378356126450218,2009,2
2009-01-12,36.199906082207995,378.24313935409225,17.8364299031775,2009,3
2009-01-19,51.893820586080004,346.4480073160327,14.200381400039591,2009,4
2009-01-26,34.956471065471995,360.1066663646905,6.871619076264407,2009,5
2009-02-02,43.444052175744,364.75887443484817,13.324552909087762,2009,6
2009-02-09,42.5803881888,350.8097031583155,12.254152671963872,2009,7
2009-02-16,46.90418822496,319.99358276661604,18.584422184072597,2009,8
2009-02-23,46.833494916384005,293.3612222874643,7.492013802595528,2009,9
2009-03-02,53.1843844752,297.11612315243457,4.61021882690543,2009,10
2009-03-09,51.14030663808,312.42723325030954,12.376006220606723,2009,11
2009-03-16,50.641617407039995,299.55771003401486,9.877276064410617,2009,12
2009-03-23,52.24728712896,315.7498428497768,8.698879905088292,2009,13
2009-03-30,53.726914517759994,325.01118597783034,12.255052532417785,2009,14
2009-04-06,83.2153403664,295.29961722177376,28.237208212015666,2009,15
2009-04-13,85.50054266688001,283.97514741752974,9.789445996878959,2009,16
2009-04-20,58.11099566976,287.9938117547083,23.800834295088542,2009,17
2009-04-27,51.0471449136,251.03895378574109,31.6278297894051,2009,18
2009-05-04,37.429092835199995,268.545351079625,9.343737108074237,2009,19
2009-05-11,25.59755382624,302.48174492222614,10.519247347428234,2009,20
2009-05-18,36.5248760976,302.3310633524375,14.795160680076766,2009,21
2009-05-25,22.07384860032,285.5995109049971,37.518836533490614,2009,22
2009-06-01,19.58040244512,310.02193008313094,21.716143432857912,2009,23
2009-06-08,24.748138103040002,319.4020502468869,20.278114397323804,2009,24
2009-06-15,20.040730966079998,308.20839820025293,19.494441915215834,2009,25
2009-06-22,19.58588254656,317.43224979030356,14.649472689015415,2009,26
2009-06-29,18.06241434624,338.4288012334941,10.808888489242227,2009,27
2009-07-06,29.11029884928,314.9950145086131,16.151401367033497,2009,28
2009-07-13,42.531067275839995,296.4292141319464,24.636588994689244,2009,29
2009-07-20,52.61445392544,262.6353432624464,42.55595757363031,2009,30
2009-07-27,41.41860668352,243.41146727551788,15.134754983850604,2009,31
2009-08-03,60.65376273791999,265.51108664618454,3.9568768439057935,2009,32
2009-08-10,43.917532940159994,275.264914290747,6.62325201436372,2009,33
2009-08-17,44.40526196832,256.0389818339018,13.189715996711065,2009,34
2009-08-24,31.625665410240003,241.8366696297738,16.54625304539193,2009,35
2009-08-31,49.02498748224,196.31178522499405,23.583110845420432,2009,36
2009-09-07,42.81055244928,196.99734917473512,6.205967075287937,2009,37
2009-09-14,28.545848400959997,201.62933204720238,1.9003476954689242,2009,38
2009-09-21,25.14270540672,195.25646533332142,10.061884809739288,2009,39
2009-09-28,22.068368498879998,202.4277943451726,14.723384585113356,2009,40
2009-10-05,37.67021729856,231.16626011893393,13.567054889731743,2009,41
2009-10-12,41.172002118719995,273.29534390105357,12.976361327923241,2009,42
2009-10-19,50.690938319999994,299.8492530506477,5.827566813458188,2009,43
2009-10-26,60.92776780992,311.25081897055355,7.060965088388469,2009,44
2009-11-02,96.62514859008,315.23433547883036,3.666342101169164,2009,45
2009-11-09,88.83792444383998,317.4609409158839,17.756912310611856,2009,46
2009-11-16,87.46789908384,290.7090862417262,13.613700074196302,2009,47
2009-11-23,83.44002452544,282.6546298453482,6.886526468745502,2009,48
2009-11-30,65.28444845471999,294.5901122920982,7.906662683573559,2009,49
2009-12-07,110.26512107423999,309.0026703657917,5.812803611191803,2009,50
2009-12-14,61.119571360319995,331.2847112959316,9.864696014341716,2009,51
2009-12-21,55.0476189648,321.0527613075268,15.190084100388274,2009,52
2009-12-28,48.581099265599995,335.1037188088244,6.904085846330467,2009,53
2010-01-04,37.34141121216,388.49989370861607,23.622524017857774,2010,1
2010-01-11,42.1145795664,388.00559093043154,32.58942145039665,2010,2
2010-01-18,51.72119739072001,377.27657015127676,13.360805041983694,2010,3
2010-01-25,47.65496212224,399.4451016382946,30.815445343782166,2010,4
2010-02-01,43.703808984,401.5439705710655,11.726462004396293,2010,5
2010-02-08,43.08455752128,428.90620746572324,6.608296016948815,2010,6
2010-02-15,45.57800367648,468.6775744198154,13.82308172114651,2010,7
2010-02-22,45.87392915424,513.6843405838006,8.96057178696818,2010,8
2010-03-01,43.7312094912,521.6427027327202,8.457830560425014,2010,9
2010-03-08,43.501045230719996,482.1384127321488,22.567124482387005,2010,10
2010-03-15,47.9234870928,436.08184490577975,23.92620373211331,2010,11
2010-03-22,64.54463476032,391.9292498765447,25.551515780915736,2010,12
2010-03-29,70.20557954783999,365.68458440389884,2.843402057349114,2010,13
2010-04-05,63.377373153600004,385.20224528377975,7.3380633549426255,2010,14
2010-04-12,55.90251478944,387.12369200379766,7.658663972638421,2010,15
2010-04-19,44.95875221376,387.83687858502975,3.324434021259161,2010,16
2010-04-26,30.0583563984,390.3265873131339,3.9520614427938763,2010,17
2010-05-03,30.705008368319994,403.69722290159825,3.621532494303994,2010,18
2010-05-10,27.38406689568,395.6817790224375,23.344307788072875,2010,19
2010-05-17,34.70000231808,318.04544696835717,64.61506185296697,2010,20
2010-05-24,24.693337088640003,303.49894870784226,82.69860972648681,2010,21
2010-05-31,17.85417049152,329.4216718767797,27.444515672952182,2010,22
2010-06-07,16.51702574016,355.74468921573214,60.52533934033353,2010,23
2010-06-14,16.484145131520002,373.8193274429673,18.12460010933547,2010,24
2010-06-21,16.0566972192,374.151816826631,30.803578389707738,2010,25
2010-06-28,15.651169712640002,388.7228167248929,11.181458723446587,2010,26
2010-07-05,15.623769205440002,387.0944336086756,18.314643611437674,2010,27
2010-07-12,16.12793853792,375.9368381139048,15.530471221992627,2010,28
2010-07-19,16.44030432,347.4894907672202,27.000341931438278,2010,29
2010-07-26,16.544426247359997,317.8097461004792,36.390992254650165,2010,30
2010-08-02,16.31974208832,317.0294583746101,19.574638038936744,2010,31
2010-08-09,19.04883260544,341.3029338316101,11.175478785122994,2010,32
2010-08-16,41.95565662464,351.89559435947615,13.763267358918139,2010,33
2010-08-23,47.0740713696,353.08198294797324,6.656503171805138,2010,34
2010-08-30,30.294000760319996,384.30302593625595,5.358726016077015,2010,35
2010-09-06,22.7972219904,384.3744933223929,8.944514191048142,2010,36
2010-09-13,25.263267638400002,379.1115967701905,4.735549403914911,2010,37
2010-09-20,25.6742752464,386.7626697482946,4.847396910937361,2010,38
2010-09-27,45.073834344,386.59407943261607,6.673440108750499,2010,39
2010-10-04,122.2610631264,386.6125675109881,6.047931466595487,2010,40
2010-10-11,59.6509041744,403.03431846830955,3.2973008108352646,2010,41
2010-10-18,43.4572044192,406.231887809003,2.9123615075463936,2010,42
2010-10-25,47.742643745280006,397.23910115854716,13.814204473038947,2010,43
2010-11-01,58.5274833792,391.77794898552384,4.11798476588561,2010,44
2010-11-08,51.17318724672,403.6407486169286,8.330486722719185,2010,45
2010-11-15,47.69332283231999,445.77579571460717,11.927982634356619,2010,46
2010-11-22,40.728113902080004,488.81696505835123,24.681437888170116,2010,47
2010-11-29,38.78815799232,510.67517910025896,41.5067207156245,2010,48
2010-12-06,38.486752413119994,562.5244940179226,28.075110529268862,2010,49
2010-12-13,37.86750095039999,582.763101672985,19.70310732366662,2010,50
2010-12-20,34.87536556416,588.0147366785744,17.152663529721067,2010,51
2010-12-27,29.09385854496,615.5076607160416,8.7527565857192,2010,52
2011-01-03,34.47531815904,600.7648397438066,22.752475685205333,2011,1
2011-01-10,38.2511080512,547.2625156602321,19.125089944849087,2011,2
2011-01-17,30.929692527359997,511.24614598617853,10.257357163468665,2011,3
2011-01-24,27.526549533119997,502.0454883117678,8.209754150317428,2011,4
2011-01-31,24.633055972799998,489.41583725389285,8.314082287189768,2011,5
2011-02-07,22.243731744959998,510.1915518856905,4.099041901371778,2011,6
2011-02-14,22.86298320768,506.2301196835,5.663709872710543,2011,7
2011-02-21,28.978776414719995,505.938249656247,7.315955222613823,2011,8
2011-02-28,28.83629377728,504.32546366724404,4.858805978864021,2011,9
2011-03-07,31.773628149119997,496.0168705568155,2.5990024531954377,2011,10
2011-03-14,29.87751305088,528.4335669440893,16.62972645005159,2011,11
2011-03-21,51.0197444064,515.7343813448155,13.022784263655433,2011,12
2011-03-28,59.31113788511999,496.43290162669643,13.46656851397784,2011,13
2011-04-04,65.30088875903999,451.90193894280054,27.285364689919888,2011,14
2011-04-11,61.716902417280004,438.05393892360115,23.44189599759594,2011,15
2011-04-18,30.896811918719994,385.41154198559224,62.56672444726956,2011,16
2011-04-25,20.68190283456,382.50337166953574,40.82895486294013,2011,17
2011-05-02,19.7831661984,450.2339150900595,15.314966891558374,2011,18
2011-05-09,17.84321028864,440.28007063283036,9.277749314480172,2011,19
2011-05-16,16.8787124352,426.3797137402054,9.499979090554058,2011,20
2011-05-23,15.52512737952,407.07781796333336,16.244879437509763,2011,21
2011-05-30,15.95805539328,405.6121882123333,15.935596227716177,2011,22
2011-06-06,24.23300856768,411.2886840841191,22.146550749083158,2011,23
2011-06-13,23.71239893088,377.5291886475387,59.5359291026401,2011,24
2011-06-20,28.43076627072,344.95430004607744,35.0916423740041,2011,25
2011-06-27,23.3452321344,318.17558907351787,48.02927089155445,2011,26
2011-07-04,25.005702870719997,317.20038670040475,19.26350097862213,2011,27
2011-07-11,40.56371085888,323.08509063889585,22.614950789224434,2011,28
2011-07-18,99.44192073023999,276.7398010042827,72.29537036926635,2011,29
2011-07-25,106.54961229792,256.4420124472708,7.252292736226619,2011,30
2011-08-01,54.351646081919995,253.28786036477976,18.65246097998411,2011,31
2011-08-08,57.617786540160004,245.16562566322617,13.905934529007245,2011,32
2011-08-15,45.76432712544,307.8988449138631,17.017735152521542,2011,33
2011-08-22,42.574908087359994,317.0767759285863,9.1786850393489,2011,34
2011-08-29,65.12552551296,328.35727000360714,7.450741071659729,2011,35
2011-09-05,116.00826738335999,250.33779622497622,62.053632770240256,2011,36
2011-09-12,114.18887370527997,69.13269552908037,45.016343546726645,2011,37
2011-09-19,112.24891779552001,167.53840484594346,14.922790465855915,2011,38
2011-09-26,53.907757865280004,98.38883996142856,50.59723899506003,2011,39
2011-10-03,30.074796702719997,59.956598095238085,11.950966578942817,2011,40
2011-10-10,22.17249042624,195.73318233976488,69.67997902020889,2011,41
2011-10-17,35.0178482016,285.06859212646725,13.31474567959665,2011,42
2011-10-24,49.00306707648,294.2987708920387,10.533443146208835,2011,43
2011-10-31,57.891791612160006,303.9070200909167,3.0933778050370297,2011,44
2011-11-07,53.53511096736,330.54289954383927,8.777584291522617,2011,45
2011-11-14,48.0056886144,342.14706505534826,11.726581731123352,2011,46
2011-11-21,35.90014453344,298.53513402974403,29.358137037133083,2011,47
2011-11-28,40.7993552208,275.4616387220893,16.377929194759567,2011,48
2011-12-05,57.036895787519995,284.093151581,11.808070645344175,2011,49
2011-12-12,76.59537782688,274.91281329517267,10.68474514638528,2011,50
2011-12-19,61.218213186239986,261.9279337766488,28.926146099159034,2011,51
2011-12-26,50.59777659552,230.04443139448512,15.48756087091997,2011,52
2012-01-02,61.05929024448,244.11269603727678,7.50503417315595,2012,1
2012-01-09,51.847239723840005,255.45509504780355,4.670992876571195,2012,2
2012-01-16,51.97328205696,259.94176158166965,9.690175823819482,2012,3
2012-01-23,49.17295022112,301.4794252851429,19.96390454661002,2012,4
2012-01-30,47.0740713696,361.79072649805954,61.96913183075873,2012,5
2012-02-06,44.31210024384,474.3794530524077,145.34765625075536,2012,6
2012-02-13,46.67402396448,295.1813392638363,38.47359572876205,2012,7
2012-02-20,46.93158873216,249.88687693513688,18.88412041962735,2012,8
2012-02-27,53.94611857536,244.35791363845237,8.384131004491952,2012,9
2012-03-05,51.863680028160005,231.80381805117855,17.64335042338713,2012,10
2012-03-12,49.956604727039995,220.15421955485417,7.694459113763595,2012,11
2012-03-19,43.561326346559994,206.6713993944345,11.888016873404801,2012,12
2012-03-26,23.02738625088,185.99676842752976,11.22063140520978,2012,13
2012-04-02,21.372395616,218.33421371770535,6.19409007243327,2012,14
2012-04-09,29.24730138528,227.76248405009227,16.28112183185168,2012,15
2012-04-16,41.94469642176,254.58800768020237,21.388717692742752,2012,16
2012-04-23,56.6642488896,223.62507663607144,24.469937860531648,2012,17
2012-04-30,36.86464238688,217.31109982042858,18.867384854705264,2012,18
2012-05-07,42.05429845056,224.49421952676488,17.69156142223839,2012,19
2012-05-14,45.161515967039996,210.96446602258334,19.508740736637844,2012,20
2012-05-21,29.12125905216,173.6518764700119,25.880717988405692,2012,21
2012-05-28,18.07337454912,178.8758123530744,10.63057734249931,2012,22
2012-06-04,22.17249042624,182.99378418691964,14.426796424169993,2012,23
2012-06-11,18.500822461440002,178.57416963002382,14.762857702519025,2012,24
2012-06-18,21.186072167040003,168.33982915094643,12.916705123982544,2012,25
2012-06-25,45.61636438656,170.9578347341905,7.152612905157165,2012,26
2012-07-02,28.469126980799995,163.43049175366966,15.994559214420832,2012,27
2012-07-09,29.98163497824,106.00001462866965,32.309576243462644,2012,28
2012-07-16,25.668795144959997,69.87444395833333,8.024882169119557,2012,29
2012-07-23,19.96400954592,67.76027303571428,7.893548733257477,2012,30
2012-07-30,20.91206709504,83.45364020833334,4.4734889469516705,2012,31
2012-08-06,22.28757255648,115.84030717806844,25.275683763302734,2012,32
2012-08-13,25.192026319679997,172.96185085739583,12.898306290318837,2012,33
2012-08-20,25.06598398656,189.80415842065477,3.46876551747182,2012,34
2012-08-27,35.38501499808,178.0427880581548,12.977407801908459,2012,35
2012-09-03,22.545137324159995,109.62582644925297,31.92107217229952,2012,36
2012-09-10,19.043352504,126.73082707705655,11.377083481559339,2012,37
2012-09-17,19.85988761856,130.28714044335416,10.62453595458061,2012,38
2012-09-24,46.9370688336,180.22397111933037,21.21150598166114,2012,39
2012-10-01,53.48579005439999,222.66558121494344,11.76008255531968,2012,40
2012-10-08,56.40120402048,254.45112640802083,19.48271508597904,2012,41
2012-10-15,91.05736552703999,255.37129308157742,8.80098471963844,2012,42
2012-10-22,72.83602823903999,276.4155530778631,7.190351467308824,2012,43
2012-10-29,75.762402408,259.6019652717024,17.118118822781536,2012,44
2012-11-05,78.94086124319999,251.44121660731844,11.994758305371485,2012,45
2012-11-12,72.92370986208,250.07218792094343,6.306640885714896,2012,46
2012-11-19,84.95253252287999,237.545644085625,16.947936312541913,2012,47
2012-11-26,71.0495151696,264.80968242601784,11.557742726450558,2012,48
2012-12-03,55.17914139935999,319.47287703669946,49.50170732894774,2012,49
2012-12-10,55.27230312383999,354.2693830265328,86.11975021950907,2012,50
2012-12-17,68.1176608992,280.02454205938096,24.1093879750858,2012,51
2012-12-24,57.184858526400006,257.9105037154405,7.245515436519808,2012,52
2012-12-31,60.752404563839995,253.89653175551487,9.125502596395815,2013,1
2013-01-07,54.87773582016,280.3850989015297,6.719324228913368,2013,2
2013-01-14,50.97590359488,324.7438294720804,40.03328542878264,2013,3
2013-01-21,48.97566656928,343.08511022002676,60.842598231408665,2013,4
2013-01-28,48.94826606208,275.2713183038721,7.520574394460449,2013,5
2013-02-04,46.443859704,288.50917621915477,10.775227557711961,2013,6
2013-02-11,47.62756161504,302.40832876725,17.65902045731549,2013,7
2013-02-18,43.977814056,297.3424245069732,9.652947560342987,2013,8
2013-02-25,44.42718237408,303.0886527079553,2.4863544295764073,2013,9
2013-03-04,45.528682763519996,308.94086518136606,3.044427042577655,2013,10
2013-03-11,45.44648124192,351.2339345690149,29.877227647063968,2013,11
2013-03-18,43.829851317119996,355.37688385363987,34.07993322144345,2013,12
2013-03-25,37.960662674880005,353.98602937936613,5.691693171241968,2013,13
2013-04-01,31.587304700159997,382.6671031210506,21.911690611119653,2013,14
2013-04-08,40.37738740992,403.7895396718214,17.97848783438211,2013,15
2013-04-15,90.46551457152,342.00589450861014,34.8700419660955,2013,16
2013-04-22,72.01949312448001,321.31364580417556,16.047928639675906,2013,17
2013-04-29,54.11600172,321.64691501911904,7.310296893943649,2013,18
2013-05-06,53.978999184,285.99126122354465,32.874724826056784,2013,19
2013-05-13,79.30254793824,268.12287863014285,29.625111872505535,2013,20
2013-05-20,57.85891100352,249.94824913690178,24.77184759079283,2013,21
2013-05-27,48.4440967296,270.10055847695236,22.343780303897578,2013,22
2013-06-03,44.18057780928,280.1810869383899,10.08958635862469,2013,23
2013-06-10,42.38310453696,265.9523307239256,32.21152436356099,2013,24
2013-06-17,39.50057117952,219.87067507423808,51.506998091026276,2013,25
2013-06-24,56.11075864416,237.99208825019346,15.971284048360483,2013,26
2013-07-01,54.82841490719999,244.86011659088692,10.2447175895823,2013,27
2013-07-08,35.16033083904,249.90083517614286,6.583947122616904,2013,28
2013-07-15,32.66688468384,268.8711861454524,3.1171902688497615,2013,29
2013-07-22,34.431477347519994,272.5623034057559,5.827002696141,2013,30
2013-07-29,35.5932588528,268.65918106382145,5.158761294190123,2013,31
2013-08-05,24.9070610448,259.97864997141966,5.416858372475308,2013,32
2013-08-12,21.14771145696,254.93306001257142,12.36739336799844,2013,33
2013-08-19,22.758861280319998,254.7089786204137,3.903615509786602,2013,34
2013-08-26,26.129123665919998,264.2832946661816,4.926515500448967,2013,35
2013-09-02,18.72002651904,276.7211514078571,8.292651672753752,2013,36
2013-09-09,26.95661898336,283.32660954774406,2.947320747682152,2013,37
2013-09-16,49.30995275712,276.79579022113097,4.171696387627896,2013,38
2013-09-23,32.48604133632,295.85600254486604,9.532235880226159,2013,39
2013-09-30,34.415037043199995,301.79842790925596,1.056716746064904,2013,40
2013-10-07,41.90633571168,301.232619211497,2.087567311077384,2013,41
2013-10-14,31.32425983104,309.76097391169645,2.498073492900694,2013,42
2013-10-21,48.01664881728,290.5358948194732,15.906260125561467,2013,43
2013-10-28,63.77194045728,270.0900440760982,5.930014166901082,2013,44
2013-11-04,60.58252141919999,283.48048562481847,6.139529543221381,2013,45
2013-11-11,51.518433637440005,292.63383675165477,12.775485685075587,2013,46
2013-11-18,43.468164622079996,309.3027249362053,14.951148004870877,2013,47
2013-11-25,41.00211897407999,299.369505429119,18.67077535134159,2013,48
2013-12-02,42.70643052192,293.5261356779911,5.827418920187642,2013,49
2013-12-09,41.32544495904,289.2041456638006,18.43097079245048,2013,50
2013-12-16,54.84485521151999,258.5851469516875,11.822596484444427,2013,51
2013-12-23,98.23629841344,248.3790076864137,3.588460702129292,2013,52
2013-12-30,117.09880756992,244.55395202405356,6.066439747386465,2014,1
2014-01-06,99.75428651232,247.19895373987498,5.040194535550623,2014,2
2014-01-13,64.57203526752,300.88876373365775,53.07881186710172,2014,3
2014-01-20,56.028557122559995,306.7960467350239,37.766323430107725,2014,4
2014-01-27,54.75717358848001,275.5084470029762,15.474201116050006,2014,5
2014-02-03,72.20581657344,258.4947638561399,13.088273829126173,2014,6
2014-02-10,104.74665892416,252.84096619961608,11.117832842205459,2014,7
2014-02-17,99.20079626688,246.9898661995655,15.078092040715191,2014,8
2014-02-24,128.68374201408,236.10383939699406,5.446774104179667,2014,9
2014-03-03,127.76308497216,226.5301226804167,18.979970263393533,2014,10
2014-03-10,118.18934775647999,214.2144253725119,9.718519049223048,2014,11
2014-03-17,100.97634913343998,201.6442300805149,9.92169352395612,2014,12
2014-03-24,83.03449701888,224.28369892875892,3.9064428673327636,2014,13
2014-03-31,72.37021961664,217.09543395292857,7.838505938576448,2014,14
2014-04-07,99.62276407776,193.41346023282443,18.50048404668186,2014,15
2014-04-14,82.76049194688001,185.20262946811013,4.754669571064749,2014,16
2014-04-21,72.46338134112,175.54232857319045,8.920033539958824,2014,17
2014-04-28,58.64256550944,174.20582927677677,3.0728101091766136,2014,18
2014-05-05,60.24275512992,187.2251641399494,6.511617283962482,2014,19
2014-05-12,66.89011817664,178.07076905699404,20.230183856256378,2014,20
2014-05-19,62.88964412543999,116.92789072507439,23.818291594395564,2014,21
2014-05-26,34.20679318848,131.29211782288095,5.561724310181898,2014,22
2014-06-02,29.24182128384,133.9748825238036,3.5575754298661657,2014,23
2014-06-09,27.553950040320004,135.0476711260625,2.7937270835866963,2014,24
2014-06-16,23.02738625088,157.88803040187503,10.371513435344392,2014,25
2014-06-23,24.0576453216,195.40075456250295,10.881034377762491,2014,26
2014-06-30,28.43076627072,213.77518669525597,5.885305484538319,2014,27
2014-07-07,38.74979728224,211.19000538683932,3.736911122104559,2014,28
2014-07-14,33.960188623680004,219.10971972154465,8.797369667754829,2014,29
2014-07-21,30.18987883296,235.44024702430653,7.3972216953926795,2014,30
2014-07-28,31.11601597632,250.28688589398809,4.146471778610321,2014,31
2014-08-04,37.49485405248,238.6191006224345,8.241874874685047,2014,32
2014-08-11,56.669728991039996,239.85440357595832,7.232665770532781,2014,33
2014-08-18,44.10385638912,244.55918789175894,3.8922673958548453,2014,34
2014-08-25,43.0461968112,259.6690691849316,5.910469902876002,2014,35
2014-09-01,87.62682202559999,267.7285707189554,3.1537268047155003,2014,36
2014-09-08,90.56963649888,268.4399481396607,3.963472344949071,2014,37
2014-09-15,42.83795295648,278.0719028078125,4.746780204114186,2014,38
2014-09-22,41.44052708928,270.97128066897324,7.467895981203804,2014,39
2014-09-29,46.71238467456,265.95108457593454,5.252222115408012,2014,40
2014-10-06,102.54365814528,259.1470752331518,2.9368701553014884,2014,41
2014-10-13,99.95705026559999,260.3504054012649,13.117113387170532,2014,42
2014-10-20,176.34418423776,210.74492266115774,39.61371220155905,2014,43
2014-10-27,96.0113772288,134.55431014293453,52.80352014469521,2014,44
2014-11-03,121.5760504464,205.23155134666666,26.484840691509316,2014,45
2014-11-10,96.32374301088,237.5064967621131,10.20634275879796,2014,46
2014-11-17,97.70472857376001,262.48065864942265,9.928832844567815,2014,47
2014-11-24,102.66422037696,270.1047284275,6.659577484094183,2014,48
2014-12-01,64.62683628191999,278.45081758231845,5.239297476611504,2014,49
2014-12-08,61.645661098560005,276.64235928046133,3.9643108725402354,2014,50
2014-12-15,57.94111252512,277.21176248744047,11.35534287293315,2014,51
2014-12-22,50.64709750848,275.69294440697917,11.519541585620578,2014,52
2014-12-29,48.709333639296005,268.44531787447914,34.83458608124753,2015,1
2015-01-05,54.42562745136,256.8154338202768,30.457243031273638,2015,2
2015-01-12,63.20749000896,240.76191865479467,6.3082539705960405,2015,3
2015-01-19,61.155740029823995,273.7845424638363,31.825959496760028,2015,4
2015-01-26,59.608159383167994,249.70651437110422,9.730850532235666,2015,5
2015-02-02,56.82317183136,290.1044733554435,55.10079046452477,2015,6
2015-02-09,53.589363971615995,239.9234836234256,6.4281331861574635,2015,7
2015-02-16,58.02550608729601,227.79656490345536,7.996850200339491,2015,8
2015-02-23,64.087594300224,218.69895346469642,9.073600803760197,2015,9
2015-03-02,66.565696171392,213.6911434690625,19.145070604366325,2015,10
2015-03-09,60.01094683900799,213.33712174539582,4.339178518887163,2015,11
2015-03-16,56.418192334944,216.5205750206488,5.261937853202744,2015,12
2015-03-23,56.531082424607995,216.5134567667143,11.095016110580076,2015,13
2015-03-30,58.218405657984,215.50647863925593,4.796037994116562,2015,14
2015-04-06,53.952694697088,214.13690114900177,13.497979309495195,2015,15
2015-04-13,52.741044268704,208.26209784070832,7.217578934336269,2015,16
2015-04-20,48.085698095424,200.05420456409522,9.758856170245014,2015,17
2015-04-27,42.688894197311996,211.76611048927677,11.008539191939619,2015,18
2015-05-04,50.487078546432,189.87610018926787,28.16403414130634,2015,19
2015-05-11,40.409171998272,162.3518560115982,27.921524207709307,2015,20
2015-05-18,34.368456180959996,194.90518828243452,25.32888960131595,2015,21
2015-05-25,31.860213751872,167.71220795344047,29.041686357720675,2015,22
2015-06-01,46.410431085216,129.83226824638095,35.23084123542414,2015,23
2015-06-08,34.113083453856,121.78778059360118,32.523584305147565,2015,24
2015-06-15,24.06860552448,102.60124307305954,13.3405142070004,2015,25
2015-06-22,18.989099499744,117.07576327326191,12.93278675820832,2015,26
2015-06-29,17.584001490528,108.53164026901786,19.351941775511946,2015,27
2015-07-06,17.631678373056,71.97520875,16.2907171401611,2015,28
2015-07-13,16.21288011024,87.77412785714286,15.716743898165443,2015,29
2015-07-20,16.988314464,72.24997392857144,19.294902162894005,2015,30
2015-07-27,22.037131920672,73.14164770833334,9.592045078755229,2015,31
2015-08-03,28.807249239647998,80.16863523809523,4.768896266178891,2015,32
2015-08-10,20.057171270399998,98.63491241071428,5.4389262573176715,2015,33
2015-08-17,34.095547129248,132.13667430780654,17.894089514960978,2015,34
2015-08-24,73.36540603814399,119.1851684188631,15.576529614118005,2015,35
2015-08-31,144.742631273856,97.33467013948214,12.15172495138402,2015,36
2015-09-07,121.04776866758398,129.4239477943631,9.730681557542317,2015,37
2015-09-14,266.08577740905594,120.21521180220834,10.569672939928859,2015,38
2015-09-21,140.83038685584,128.51859636904763,5.269927144501279,2015,39
2015-09-28,66.29004706896,124.18176961309523,11.283630185637435,2015,40
2015-10-05,54.552217794624006,161.96431980288395,28.428436589180635,2015,41
2015-10-12,44.250723107712005,215.4491274133214,6.524872553617612,2015,42
2015-10-19,37.211532808032,229.66714858273212,12.623791723208626,2015,43
2015-10-26,32.791282986527996,240.65764082459526,6.565942747271911,2015,44
2015-11-02,29.944370288447995,230.48688843764583,12.355447638477596,2015,45
2015-11-09,44.497875682655994,213.49450975472323,10.043560125285518,2015,46
2015-11-16,44.158657403519996,228.07419617113035,7.824885086424833,2015,47
2015-11-23,49.369685862816,237.21702389386607,51.0535505703161,2015,48
2015-11-30,52.333324721568005,187.84328646701488,47.39690190624779,2015,49
2015-12-07,71.347632687936,194.00801066777382,15.799275357074245,2015,50
2015-12-14,59.253048809856,187.88618714523514,47.7057185632376,2015,51
2015-12-21,62.638655479488,109.3789322268869,15.409341246217602,2015,52
2015-12-28,75.9953067192,152.77696547081547,8.437218335621205,2015,53
2016-01-04,69.269578221888,222.27315786152082,30.359612429014888,2016,1
2016-01-11,59.292505540224,288.1204631804488,25.878118746956392,2016,2
2016-01-18,54.944593057728,354.14259790883216,121.50272026579636,2016,3
2016-01-25,61.2127330848,167.39376455371726,27.649318529881242,2016,4
2016-02-01,71.8441298784,167.2749912417738,18.540017281378983,2016,5
2016-02-08,87.99946892352,176.79473738392977,20.98176135465769,2016,6
2016-02-15,61.174372374719994,192.3111841248845,31.96220454417517,2016,7
2016-02-22,56.65876878816,194.09066730995596,17.501255664254497,2016,8
2016-02-29,49.511620490112,199.75318505791546,11.929774045386651,2016,9
2016-03-07,50.013049771872,218.31631990815,9.78156965392311,2016,10
2016-03-14,58.75107151795199,205.17252221151784,6.6859410636897465,2016,11
2016-03-21,63.8157812688,192.32496019502022,15.678163042521438,2016,12
2016-03-28,83.25096102575999,192.36384236635894,15.166589744643966,2016,13
2016-04-04,75.337146536256,201.77285062331188,8.475699751901516,2016,14
2016-04-11,68.755544706816,203.5523188716101,16.845900003651945,2016,15
2016-04-18,57.948784667136,196.29733611239286,5.099754683013256,2016,16
2016-04-25,58.010709813408,217.5875559432732,12.866135902744638,2016,17
2016-05-02,59.36758292995199,201.99418020105057,33.09170660266484,2016,18
2016-05-09,42.836856936192,204.68445171408214,13.13258495021952,2016,19
2016-05-16,35.57133844704,219.06264223653034,11.73843338049,2016,20
2016-05-23,46.03559214672,216.6562315789113,13.19886106673018,2016,21
2016-05-30,40.200380133408004,205.56763016775116,5.083133892557015,2016,22
2016-06-06,28.742036032512,219.31037501439764,3.861764465182132,2016,23
2016-06-13,34.267622314464,239.20701339608394,11.293343285873759,2016,24
2016-06-20,24.40837181376,232.02288765719882,12.329549246532856,2016,25
2016-06-27,32.350682830752,211.40933021836605,15.991698748041024,2016,26
2016-07-04,30.689116074144,207.70109382805774,9.030986431544898,2016,27
2016-07-11,21.559267075104,215.43709075338097,2.580769463964912,2016,28
2016-07-18,20.068679483424,232.6871200314661,4.0713858249320936,2016,29
2016-07-25,18.8378487,232.1186133376244,3.968647742325839,2016,30
2016-08-01,30.054520327392005,207.79941217969463,17.114587955321674,2016,31
2016-08-08,43.64352786816,185.957967726453,10.286870531808095,2016,32
2016-08-15,36.580225122144,195.263592405975,7.205330160753713,2016,33
2016-08-22,32.536458269568,206.47393826468095,6.290572659071974,2016,34
2016-08-29,36.539124361344,215.3353079436125,4.307612727524961,2016,35
2016-09-05,24.37001110368,214.6190082342262,2.2565774269256056,2016,36
2016-09-12,23.98092390144,217.60110592335772,2.7797016913698256,2016,37
2016-09-19,26.498482502976,218.46338734759405,6.700156907473094,2016,38
2016-09-26,18.266822129952,208.51818361792022,12.817752010637705,2016,39
2016-10-03,21.029889276,242.66837051643392,11.145694409733096,2016,40
2016-10-10,18.613712551103998,268.21984066350655,4.750918603779642,2016,41
2016-10-17,27.511205249088,294.6250185940292,8.907586548506009,2016,42
2016-10-24,44.973548487648,311.8563288520393,9.423098476978316,2016,43
2016-10-31,34.173364569696,338.5479673681792,14.197508714277893,2016,44
2016-11-07,45.020129349888,365.5500684928512,21.335337128118958,2016,45
2016-11-14,49.837138515648,319.5999622763119,10.266651459342267,2016,46
2016-11-21,65.42090298057599,319.3160350403351,14.687632276845134,2016,47
2016-11-28,50.374736466912,308.71428285185476,12.318825224339548,2016,48
2016-12-05,39.816773032608,278.4515802511226,16.166522172269836,2016,49
2016-12-12,40.934713726368,286.39626416559406,4.403693391219146,2016,50
2016-12-19,41.138025489792,267.1686348757589,11.608612502721872,2016,51
2016-12-26,32.560570715904,264.06018765608826,7.5655077838097,2016,52
2017-01-02,41.946340452192004,277.725322126525,8.909195922728303,2017,1
2017-01-09,54.921028621536,271.89323891725536,10.193538268183849,2017,2
2017-01-16,50.021269924032,274.42743923746013,23.94664186852739,2017,3
2017-01-23,42.664781750976,266.50947943084526,6.669292227586882,2017,4
2017-01-30,37.842840493919994,277.62435417417794,5.616808940946511,2017,5
2017-02-06,40.620703913856,294.0072062062006,11.195951000131329,2017,6
2017-02-13,41.766045114816,282.3528819042012,11.810699349807887,2017,7
2017-02-20,41.519440550016,268.96780764686963,4.91057532412895,2017,8
2017-02-27,49.38064606569599,275.3132309724149,3.6603662932121894,2017,9
2017-03-06,47.861013936384,299.5251758024625,31.97210307839079,2017,10
2017-03-13,53.890769550815996,275.4531072992833,7.626857006301846,2017,11
2017-03-20,53.87761730735999,276.4951871815631,11.501690587585713,2017,12
2017-03-27,50.402684984256,266.45805136660596,10.746662407967285,2017,13
2017-04-03,49.084720587936005,257.4126000074821,6.763534500119687,2017,14
2017-04-10,41.128709317344,252.6463741805482,6.389347097653723,2017,15
2017-04-17,35.429951829888,279.03815397528393,22.86906097274755,2017,16
2017-04-24,31.904054563392002,298.41043950571606,22.74018388252831,2017,17
2017-05-01,29.394716114016,283.37352030871017,10.392157852041231,2017,18
2017-05-08,27.256380532128002,296.10208607920595,21.131253540286142,2017,19
2017-05-15,42.633545172768,247.72672907189823,37.93686810507361,2017,20
2017-05-22,40.540146422688,232.58712014534044,14.89059093380884,2017,21
2017-05-29,25.228194989183997,246.50152334663926,8.105381747582053,2017,22
2017-06-05,61.804584040319995,213.2454857735518,24.144791898819822,2017,23
2017-06-12,51.715169279136006,218.68334590212677,10.636973215710034,2017,24
2017-06-19,36.338004638496,225.46398470442742,18.96132309300722,2017,25
2017-06-26,24.353570799359996,222.88596194635775,4.467923069558433,2017,26
2017-07-03,25.881971090976,246.5150005096607,11.68289249088171,2017,27
2017-07-10,27.72109313424,252.11991104263453,3.867950160312258,2017,28
2017-07-17,26.154332132543995,248.4402472984375,5.016960018857916,2017,29
2017-07-24,18.819216355104,244.14739329332264,16.094820333799607,2017,30
2017-07-31,26.791119919872,236.65307313256727,20.63642340382494,2017,31
2017-08-07,42.634641193056,234.72796576725236,12.969934338925444,2017,32
2017-08-14,39.47810276361599,239.70611489135655,8.597754168489999,2017,33
2017-08-21,38.154110255712,260.6563468614613,10.093642990765948,2017,34
2017-08-28,32.454256747968,290.55054205523805,6.395452910090695,2017,35
2017-09-04,70.98923405376,279.26480028243634,11.893074420940717,2017,36
2017-09-11,112.19082872025601,272.5117722833441,15.594196145153829,2017,37
2017-09-18,62.28683296704,289.0803494460244,4.987262070123347,2017,38
2017-09-25,108.44572739616,269.9616497498863,19.66057608901139,2017,39
2017-10-02,202.99830162163198,222.7075056770262,38.627872723291134,2017,40
2017-10-09,68.528120497056,266.18491900716486,15.37973858631873,2017,41
2017-10-16,83.756226378528,265.4557314672506,8.978811288099552,2017,42
2017-10-23,158.738810351616,262.6601811741887,19.617333639253808,2017,43
2017-10-30,65.785329726336,270.2738167970964,8.750305579777432,2017,44
2017-11-06,57.727936579104,280.39908543931966,5.7379236805281275,2017,45
2017-11-13,50.341307848128004,292.48436334697146,12.51512351298978,2017,46
2017-11-20,60.609373916256004,299.4483109906095,19.43209371267765,2017,47
2017-11-27,62.23257996278401,365.63908040211544,69.12982812907731,2017,48
2017-12-04,57.315284940671994,292.2105750237357,26.54624678412236,2017,49
2017-12-11,56.327770661184,323.2746583883935,42.623883923839784,2017,50
2017-12-18,52.09110423792,322.5495934976762,76.18529504018029,2017,51
2017-12-25,51.052625015039986,276.3909919539786,20.650045467782714,2017,52
2018-01-01,58.855193445312004,291.471488470975,21.557549119846637,2018,1
2018-01-08,53.981739234719996,334.7981329471506,49.62239428585542,2018,2
2018-01-15,50.78464805462399,321.92578348526604,32.71598494314226,2018,3
2018-01-22,62.56138604918401,305.84469816967504,37.94900071769462,2018,4
2018-01-29,62.96143345430401,308.46554907119463,22.84425226217089,2018,5
2018-02-05,57.048404000544,376.9084696291416,69.37104454962451,2018,6
2018-02-12,55.740303786816,343.5976333410613,22.448406706489877,2018,7
2018-02-19,53.142187694112,401.06777840179404,25.141349526716837,2018,8
2018-02-26,50.768755760447995,403.9003277327637,21.114342129687618,2018,9
2018-03-05,49.99770548783999,415.1610329510053,58.828014382724014,2018,10
2018-03-12,46.61374284864,386.75345276677024,34.72438074807002,2018,11
2018-03-19,48.235304864736,398.8055711099209,15.138708744281374,2018,12
2018-03-26,46.927204651008,401.99602791003633,29.987258499649432,2018,13
2018-04-02,43.22649214857599,390.08596326395894,11.705636724508057,2018,14
2018-04-09,65.620926683136,383.7918094098887,13.501563711622891,2018,15
2018-04-16,98.619357504096,370.15384132645534,42.80387846988746,2018,16
2018-04-23,82.414149535872,346.70563777468334,9.350432068619396,2018,17
2018-04-30,63.627813789407995,312.32255737788216,48.4615005242815,2018,18
2018-05-07,48.862776479615995,240.66495677191728,54.791256823012475,2018,19
2018-05-14,31.985160064703997,306.1675884417744,33.77366169484436,2018,20
2018-05-21,21.401988163776,358.31856859182324,27.280198428700363,2018,21
2018-05-28,23.010397936416,397.3588364031458,9.331101559486365,2018,22
2018-06-04,22.305108881088,436.85349405876786,15.085821410577068,2018,23
2018-06-11,23.619237206399998,426.9488843614572,15.331866005276462,2018,24
2018-06-18,19.5639621408,399.4645077549815,9.306008774241533,2018,25
2018-06-25,16.04573701632,437.88071070079883,5.102284990825403,2018,26
2018-07-02,16.491269263392,469.98487909911194,9.17594255518818,2018,27
2018-07-09,16.393175447616,487.2341788723423,9.327800414053714,2018,28
2018-07-16,16.828843512096,501.68321426513455,5.781222553858404,2018,29
2018-07-23,16.166847258144,503.03174732269946,16.171050025006817,2018,30
2018-07-30,16.229868424703998,499.33916623573333,13.857216197836633,2018,31
2018-08-06,13.01524092,471.4881273584803,25.168854355188003,2018,32
2018-08-13,13.327058691936,470.0442889575887,14.015332513845639,2018,33
2018-08-20,22.168654355232,485.01922536241847,4.1976658677889525,2018,34
2018-08-27,23.511279208032,534.4275556526626,26.9159586815919,2018,35
2018-09-03,40.11817861180799,554.8741738358095,19.03198810167115,2018,36
2018-09-10,70.388066925792,495.3165250543458,35.964970487381954,2018,37
2018-09-17,45.865160991936,368.6723449499137,86.61198620827197,2018,38
2018-09-24,44.458966962431994,339.31389921478274,31.11045088353278,2018,39
2018-10-01,36.421850190528,437.47956790955294,8.338679423340196,2018,40
2018-10-08,35.660664100512,359.2797943148875,94.18702775308488,2018,41
2018-10-15,25.969104703871995,377.51205396356073,13.449734834011018,2018,42
2018-10-22,20.699439159168,402.0865930756559,36.18553365070626,2018,43
2018-10-29,40.858540316352006,416.48825254126666,6.073148185820434,2018,44
2018-11-05,54.115453709856,426.09587980559525,23.57110738390433,2018,45
2018-11-12,100.491360156,450.20690422705,11.342618403251342,2018,46
2018-11-19,58.25950641878399,485.2612641846393,17.8486109221511,2018,47
2018-11-26,63.753308112384,507.3940289968994,87.40644887206147,2018,48
2018-12-03,73.656399424608,464.8608967043589,25.930394375643843,2018,49
2018-12-10,61.277946291936,524.8116482830095,52.533906552486734,2018,50
2018-12-17,65.96891312457599,550.4590863578636,48.687093405180875,2018,51
2018-12-24,56.01704890953601,512.8188508105524,10.904447515593324,2018,52
2018-12-31,48.575071154016,508.749960502459,25.97572277518122,2019,1
2019-01-07,50.288150864159995,502.9372975321863,35.23666162416069,2019,2
2019-01-14,43.85999187504,526.9380288104761,35.16437381074763,2019,3
2019-01-21,48.629872168416,621.3865388162678,87.53200058971414,2019,4
2019-01-28,47.481242906592,529.1697163516781,35.93938175617978,2019,5
2019-02-04,54.951169179456,489.34021233441007,20.224630035484946,2019,6
2019-02-11,62.594266657823994,443.08961542222613,23.967450454407764,2019,7
2019-02-18,63.94456365263999,420.709096364775,12.212630658257773,2019,8
2019-02-25,59.409779711039995,414.85060437833164,11.260397858435264,2019,9
2019-03-04,62.989381971648,429.5591851541167,8.162105820793997,2019,10
2019-03-11,64.729314178848,416.58843271140773,19.022284655363503,2019,11
2019-03-18,62.823334898016,397.33322283045425,27.16476568370835,2019,12
2019-03-25,59.043160924704004,384.72378463964526,9.888344910381115,2019,13
2019-04-01,56.964558448511994,383.78922250079586,5.6953101547881015,2019,14
2019-04-08,51.228536271264,424.20129679440777,18.08893459516297,2019,15
2019-04-15,44.458966962431994,414.4140587420191,14.455074837814813,2019,16
2019-04-22,39.3471283392,371.5694283259113,29.796616359194655,2019,17
2019-04-29,40.936905766944,383.67258474213213,19.93260410208698,2019,18
2019-05-06,34.039102084416,421.96462166011014,7.266868763347473,2019,19
2019-05-13,32.426856240768004,394.4586306289625,24.182048409669015,2019,20
2019-05-20,32.224640497632,365.8413061647512,38.17221530366257,2019,21
2019-05-27,31.928167009727996,342.1278277099411,27.480015249126264,2019,22
2019-06-03,29.464313402303997,286.8336304063762,65.04057258534073,2019,23
2019-06-10,53.804731958207995,297.14286010461785,18.888040428167447,2019,24
2019-06-17,31.615253217503998,300.6837106144703,19.131591087379107,2019,25
2019-06-24,31.49140292496,286.602328845925,30.03905783072821,2019,26
2019-07-01,18.621932703264,273.71257759727916,7.241997239503734,2019,27
2019-07-08,22.919428252512002,334.74541849644044,19.125582741625312,2019,28
2019-07-15,25.678111317407996,360.17541707912613,13.174621260185926,2019,29
2019-07-22,35.76314199744,363.938649651975,11.432510597893732,2019,30
2019-07-29,30.606914552543998,387.3782634045803,4.698536238191035,2019,31
2019-08-05,37.73597851584,365.15028532244406,39.70337793658266,2019,32
2019-08-12,65.637366987456,335.1330914643244,22.603222166789983,2019,33
2019-08-19,76.06928808864,328.8877682263822,10.700673873492219,2019,34
2019-08-26,53.467705719647995,322.3680497686946,22.175515574215815,2019,35
2019-09-02,50.451457887071996,306.3817115604905,8.639590089021647,2019,36
2019-09-09,42.717938734944,283.5822115899702,38.85675473981156,2019,37
2019-09-16,28.839033828,285.9660737728524,9.258829173658915,2019,38
2019-09-23,44.79160911984,313.3858604458,7.631065440416918,2019,39
2019-09-30,64.414756356192,350.62515524141844,14.373512020269336,2019,40
2019-10-07,61.413304797504,363.6118809878226,26.802706877218714,2019,41
2019-10-14,99.35643114777601,364.3882633578054,10.68097941346445,2019,42
2019-10-21,89.88023973772799,380.1889597366696,8.112657158888307,2019,43
2019-10-28,58.69791453398399,397.9509225049357,11.628846660073172,2019,44
2019-11-04,50.590652463648006,451.5731694535524,41.8478353206846,2019,45
2019-11-11,60.39729399052799,432.2227975329398,25.667695161731032,2019,46
2019-11-18,98.98214021942401,413.330486955478,19.265023852133513,2019,47
2019-11-25,86.153770758528,425.4381897263202,11.932062470940723,2019,48
2019-12-02,62.472060395712,409.1642729934268,31.597534983183778,2019,49
2019-12-09,72.648608769792,387.08295001699287,18.493469019701458,2019,50
2019-12-16,72.78287125507201,377.31326509071727,14.599359324254895,2019,51
2019-12-23,86.52148556515199,356.7310889527154,15.11423765887836,2019,52
2019-12-30,61.04284994016,305.2253747548893,17.44830506824863,2020,1
2020-01-06,59.261268962016,270.4958611455333,20.510347789652705,2020,2
2020-01-13,76.885275193056,241.7739170564988,12.858971817851598,2020,3
2020-01-20,72.032097357792,208.30385768893214,9.635450361437568,2020,4
2020-01-27,74.171528959968,196.30010145204227,20.371942367915953,2020,5
2020-02-03,69.87951351216,162.77164905712084,28.13065056795441,2020,6
2020-02-10,88.87025704233601,122.33138110714286,15.66956298291986,2020,7
2020-02-17,101.390644802304,96.11087049404762,13.449450671551753,2020,8
2020-02-24,76.57729349212799,102.14417420238094,6.770454041138113,2020,9
2020-03-02,85.37176028303999,105.87074874703391,7.324860564342957,2020,10
2020-03-09,100.7516649744,95.6008034345238,10.314007306967309,2020,11
2020-03-16,92.21914703232,87.35942547619048,5.734141001048959,2020,12
2020-03-23,71.0495151696,74.24027461904761,12.531501022158743,2020,13
2020-03-30,67.54882636972799,55.178842946428574,9.604952764636074,2020,14
2020-04-06,64.20596449132799,50.60701535714286,4.64146161216049,2020,15
2020-04-13,52.438542669216005,50.38969938690476,9.670964548087612,2020,16
2020-04-20,47.636329777343995,56.38854858333333,2.3802734667072416,2020,17
2020-04-27,48.215028489408,61.12851779761905,2.983524815297848,2020,18
2020-05-04,38.686228105536,82.56334586309524,5.939732608258333,2020,19
2020-05-11,29.812847853888,124.70941982142858,27.666220430888583,2020,20
2020-05-18,39.801976758719995,89.53622448214286,44.81331950660573,2020,21
2020-05-25,25.259979577536,25.655140922619047,11.959566580109383,2020,22
2020-06-01,24.224240405375998,16.803706053571428,1.8449777194907848,2020,23
2020-06-08,39.869930016576,16.789748398809525,2.4114866383990616,2020,24
2020-06-15,19.928388886559997,15.779082684523809,1.1907699406566021,2020,25
2020-06-22,19.828103030208,13.986541041666666,2.6813141634256907,2020,26
2020-06-29,42.651081497376,12.573005101190477,1.7172823259523493,2020,27
2020-07-06,29.11851900144,14.796949160714286,2.8169203599794574,2020,28
2020-07-13,21.627768343104,16.36303175,0.4282468796192519,2020,29
2020-07-20,25.120785000959998,16.169396125,0.39347299024750315,2020,30
2020-07-27,92.293676411904,13.373624785714286,1.9116434150291377,2020,31
2020-08-03,67.95709392700799,13.768070404761906,1.1517139733271504,2020,32
2020-08-10,40.736882064384,26.257858380952378,6.6556077524220845,2020,33
2020-08-17,29.449517128415998,40.85846205952381,5.517896537315268,2020,34
2020-08-24,28.930003511904,76.56687617857142,32.786561129748925,2020,35
2020-08-31,30.886947736128,165.97929709904466,20.414080844838285,2020,36
2020-09-07,25.569057298751996,125.16892592857143,5.25496444871164,2020,37
2020-09-14,19.1666547864,103.08070727976191,26.83077991129213,2020,38
2020-09-21,29.155783691232,55.82230089880952,20.679304891156846,2020,39
2020-09-28,91.604279650752,29.770694648809524,9.469150204766187,2020,40
2020-10-05,83.02846890729599,105.2130890043131,44.253614427441164,2020,41
2020-10-12,46.020795872832,215.38702778979226,29.213527131980406,2020,42
2020-10-19,67.84639587791999,189.25313392235475,55.521609513552214,2020,43
2020-10-26,141.456762450432,114.96656650190893,31.245843221991997,2020,44
2020-11-02,93.799608287616,49.820603035714285,12.875717858917847,2020,45
2020-11-09,71.040747007296,57.54153879166667,27.86928853273278,2020,46
2020-11-16,133.80654084019199,13.106154994047618,2.4072616813795484,2020,47
2020-11-23,85.31586324835199,64.67280301785715,48.01760666568167,2020,48
2020-11-30,77.87772156384,179.0940236925655,23.144826500419082,2020,49
2020-12-07,127.80199369238399,269.6447720840976,85.70156935933952,2020,50
2020-12-14,140.41115909567998,215.10282386927975,32.40177392658301,2020,51
2020-12-21,127.4671594944,171.22445608111664,41.0419294225669,2020,52
2020-12-28,115.44107688432001,252.2227153342988,28.80141393183895,2020,53
2021-01-04,65.299244728608,547.8393501855245,143.852616111162,2021,1
2021-01-11,54.573042180095996,558.8349673961684,134.19696218268422,2021,2
2021-01-18,61.24287364272,419.19044382512203,93.40381948958643,2021,3
2021-01-25,59.115498263712,565.8616283842815,56.2830348340255,2021,4
2021-02-01,52.89119904816,501.9244014631649,78.73588824347527,2021,5
2021-02-08,51.53213389104,626.9862833753089,122.58667437769131,2021,6
2021-02-15,55.97266008787199,459.24859965857024,71.14901511941251,2021,7
2021-02-22,62.432055655199996,362.20586981366904,42.63409235164419,2021,8
2021-03-01,58.551595825536,421.1116844879447,41.052591411122904,2021,9
2021-03-08,59.838871653792005,433.51389144308575,98.49362118616658,2021,10
2021-03-15,59.747353959744,440.9540848800292,49.321909875657006,2021,11
2021-03-22,59.328674209728,402.6664738153714,24.587432140334013,2021,12
2021-03-29,62.375062600224005,358.4646205002887,50.54723605491351,2021,13
2021-04-05,58.156480511712,361.1639397475375,82.35469717671502,2021,14
2021-04-12,52.38154961424,506.0343540504113,55.6572221444714,2021,15
2021-04-19,45.770903247168,446.4054777550744,23.924418663296407,2021,16
2021-04-26,42.66806981184,533.1655623581006,38.97093379650422,2021,17
2021-05-03,31.861309772159995,534.3001686043006,95.81518422275023,2021,18
2021-05-10,52.789269161376,495.2937154181608,63.30745036682802,2021,19
2021-05-17,51.027416548416,426.492072927353,151.9001448809214,2021,20
2021-05-24,55.196129713824,480.48131152495773,53.70737718510694,2021,21
2021-05-31,40.483701377856,556.2036128267101,16.542490642787815,2021,22
2021-06-07,31.627309440671997,497.90111497606074,139.54378624377574,2021,23
2021-06-14,26.065554489215998,520.9482892873202,14.453916158763997,2021,24
2021-06-21,31.973651851680003,587.3814225398,34.21815228170205,2021,25
2021-06-28,20.300487774336,612.9770673434024,12.255906771803161,2021,26
2021-07-05,17.217382704191998,599.5970250900309,7.815925206788766,2021,27
2021-07-12,19.990314032832,587.0375836218144,76.57928563308347,2021,28
2021-07-19,14.761201238784,622.6577881547137,25.54817291013121,2021,29
2021-07-26,20.252262881664,568.3336721691041,58.856292358531405,2021,30
2021-08-02,26.324215277184,597.2956707960803,78.6196330478895,2021,31
2021-08-09,26.927026435583997,715.0993297389416,39.88927995037004,2021,32
2021-08-16,33.841270422432,769.3597774805476,61.2143822681493,2021,33
2021-08-23,21.189360227904,847.5620179678791,30.611834768418316,2021,34
2021-08-30,27.176919061247997,1030.9780252745172,48.06214961588474,2021,35
2021-09-06,25.788809366495997,1093.118248316681,57.917846517816464,2021,36
2021-09-13,21.718738027008,1128.1967444717022,105.60086026993143,2021,37
2021-09-20,22.929292435104,1095.5160653651787,82.61487730671074,2021,38
2021-09-27,52.098228369792004,907.3574811475393,196.9211488182751,2021,39
2021-10-04,85.199685097824,1124.8454118480108,90.17634472275431,2021,40
2021-10-11,48.187079972064,1054.9354382166828,137.52873565612168,2021,41
2021-10-18,38.360162069855996,1009.3327074218851,253.59880046117962,2021,42
2021-10-25,42.266926386432,800.1800042669381,132.30923527530143,2021,43
2021-11-01,71.61999372950399,844.2964397935882,135.59943907900598,2021,44
2021-11-08,49.169114150112,947.393946971938,128.41293789115247,2021,45
2021-11-15,46.897612103232,911.6465247020476,44.212640038481844,2021,46
2021-11-22,42.283914700896005,1301.4282474620084,280.33977178127657,2021,47
2021-11-29,46.060800613344,1601.7098841472096,472.1918807669978,2021,48
2021-12-06,54.127509933024,1511.249067237671,180.04101248747727,2021,49
2021-12-13,53.879261337792,1607.1001126985934,274.4970149866229,2021,50
2021-12-20,57.090052771488,2567.784674116045,744.82983364203,2021,51
2021-12-27,47.628109625183995,1438.6386056208232,223.3135235020072,2021,52
2022-01-03,46.628539122528004,1492.8834974426609,193.51837937730386,2022,1
2022-01-10,52.341544873728004,1459.643547477804,242.73351758420506,2022,2
2022-01-17,52.589245458815995,1389.4564504777375,102.53424150011594,2022,3
2022-01-24,42.81493653043199,1307.902612626907,153.1538580329961,2022,4
2022-01-31,45.44757726220799,1341.3054395384768,181.71699093731078,2022,5
2022-02-07,37.835168351903995,1196.2713844211542,87.77492807883687,2022,6
2022-02-14,55.463558664096006,1075.722680517363,50.13387302374024,2022,7
2022-02-21,41.055275958048,1231.38301032816,124.00419418797763,2022,8
2022-02-28,34.108699372704,1669.5324910828288,231.86455719912615,2022,9
2022-03-07,28.517351873472002,2076.0879697626997,340.5792326745448,2022,10
2022-03-14,32.796215077824,1815.9230116200488,192.04458849049016,2022,11
2022-03-21,37.030689460512,1809.7378261916651,86.52147110254036,2022,12
2022-03-28,37.803383763552,1886.8903561833263,134.70420332082108,2022,13
2022-04-04,24.217116273504,1639.6229961374167,51.16412756016238,2022,14
2022-04-11,23.117259914496003,1713.8666535718571,173.3683922086359,2022,15
2022-04-18,21.458433208608,1616.1743786919421,235.00000084534267,2022,16
2022-04-25,17.08969634064,1981.4760263673982,79.16515882641285,2022,17
2022-05-02,15.954767332415999,2061.7701835120147,142.00516963714352,2022,18
2022-05-09,15.398537036255998,1653.2640017659712,233.3931156659866,2022,19
2022-05-16,15.10315956864,1755.6316146413708,195.0766934240828,2022,20
2022-05-23,15.628701296735999,1069.8879296454108,568.1320421416585,2022,21
2022-05-30,12.524223830976,1650.5435965410124,153.09401136330544,2022,22
2022-06-06,12.81795726816,1435.829771506648,340.3640922864381,2022,23
2022-06-13,11.524105318176,1808.1771071190094,217.29961252487118,2022,24
2022-06-20,10.766755299168,2220.947307093361,287.3347742325854,2022,25
2022-06-27,11.034732259584,2296.423143883769,309.41894025412677,2022,26
2022-07-04,10.920746149632,1928.3667587162874,500.22267539036784,2022,27
2022-07-11,11.079121081248001,2508.978167175857,531.0101325321092,2022,28
2022-07-18,10.029133645343999,3071.8132655447075,304.6322098907473,2022,29
2022-07-25,9.818149739904,3219.724678042527,793.0086130017393,2022,30
2022-08-01,9.948576154176,3082.5275944712544,470.6110149459967,2022,31
2022-08-08,9.611001905472,3521.728969064466,260.069308656218,2022,32
2022-08-15,10.57385572848,4491.2553195227165,535.9485356464033,2022,33
2022-08-22,11.521365267456,5483.9268972876425,449.4946292945401,2022,34
2022-08-29,12.206925957600001,5066.706834567937,1334.5950296846047,2022,35
2022-09-05,13.587363510336,4078.1701792971144,304.96505621006804,2022,36
2022-09-12,15.381548721791999,3230.7990990392623,1098.004871433837,2022,37
2022-09-19,13.83999618672,3495.6511802405435,408.0720212702985,2022,38
2022-09-26,44.852986255968,2540.9662356364533,882.6885153955278,2022,39
2022-10-03,41.3473653648,965.8548012122303,832.5352441522735,2022,40
2022-10-10,30.238651735775996,1756.3494551996052,429.994368577527,2022,41
2022-10-17,36.504051712127996,1442.1424260592805,222.25330119518807,2022,42
2022-10-24,41.340241232928,1084.1449177444315,126.23517995835377,2022,43
2022-10-31,73.14072187910399,749.2874499328011,343.51967933963044,2022,44
2022-11-07,106.49207123279999,286.03871242846725,195.33477737294993,2022,45
2022-11-14,62.774013985056,904.2996593713524,574.6872962571168,2022,46
2022-11-21,115.875100918368,1775.7740450087153,245.3224822583669,2022,47
2022-11-28,137.47163268326398,3052.4366913649255,615.6146456797806,2022,48
2022-12-05,55.268467052831994,3567.103718213992,411.6732714251502,2022,49
2022-12-12,50.612024859264,3736.5584866545455,1025.5840861043775,2022,50
2022-12-19,40.98622667990399,1861.8609620419363,365.4128769937133,2022,51
2022-12-26,60.420310416575994,1145.9090361908025,147.51137873205656,2022,52
2023-01-02,66.51199117728001,1243.2787666260042,277.6410925510053,2023,1
2023-01-09,90.89679855484799,1000.1257604989006,228.29746171410937,2023,2
2023-01-16,73.431715265568,1465.7508350489024,96.40209507816003,2023,3
2023-01-23,59.763794264063996,1460.7728086029279,347.93749871577603,2023,4
2023-01-30,56.689457356224,1176.6568128761958,202.42571837354927,2023,5
2023-02-06,56.507517988416,1162.9373706611273,241.97098640793845,2023,6
2023-02-13,57.332273255136,1141.7214135000893,165.97885217534414,2023,7
2023-02-20,57.30870881894399,1046.8197303315321,144.40624853099936,2023,8
2023-02-27,54.75717358848001,1228.220892485787,72.93818847064891,2023,9
2023-03-06,51.409927628927996,1289.4874647450326,188.51578883643825,2023,10
2023-03-13,52.518004140096,1081.2060170415602,80.91891505371022,2023,11
2023-03-20,63.87880243536,933.5580923427322,149.9442883616927,2023,12
2023-03-27,59.610899433888,1105.3321294035,110.99158003048457,2023,13
2023-04-03,55.60220523052799,1234.2144554567915,85.2001604699479,2023,14
2023-04-10,75.97448233372799,1005.1083580116518,239.86781286298577,2023,15
2023-04-17,71.97017221152,1092.5352317463125,95.86940483371836,2023,16
2023-04-24,66.35361624566399,1135.2633654187441,86.14214203565744,2023,17
2023-05-01,60.90420337372801,1053.921987751697,126.805255927267,2023,18
2023-05-08,64.475585482176,903.8091073488155,116.51630833691908,2023,19
2023-05-15,63.141180781536,685.7790425752501,224.25914679602465,2023,20
2023-05-22,40.037073110496,650.2994560774584,140.0758986272292,2023,21
2023-05-29,25.336152987552,656.5381206703887,144.7494727041829,2023,22
2023-06-05,27.173631000384002,800.3872296899136,182.1119260026972,2023,23
2023-06-12,21.517070294016,1062.40767701311,112.98018166276793,2023,24
2023-06-19,19.718501001408,1138.9520802749169,206.85696823326452,2023,25
2023-06-26,21.538442689632,853.6144952238423,365.79788469359727,2023,26
2023-07-03,27.636699572064003,853.7058132530375,161.65605611641053,2023,27
2023-07-10,31.18725729504,667.0350646008809,342.5752824579347,2023,28
2023-07-17,34.267622314464,614.1011472237172,216.6133262556453,2023,29
2023-07-24,25.157501680608,695.4778131000328,168.31876894814567,2023,30
2023-07-31,23.836797233568,640.0515622609946,106.6659298222439,2023,31
2023-08-07,23.612113074528,409.0563466278804,312.3487097699445,2023,32
2023-08-14,34.877009594592,807.1284510389584,148.6942645028751,2023,33
2023-08-21,45.764875135584,927.4050363597144,50.067666257019106,2023,34
2023-08-28,42.93330672153599,905.6660068232143,92.45621959161342,2023,35
2023-09-04,39.650177948831995,856.0031264583037,80.6958493313204,2023,36
2023-09-11,40.318202314368,785.1763381295965,98.13741604287958,2023,37
2023-09-18,80.48405780870401,178.07684734051426,139.3878136484532,2023,38
2023-09-25,55.566036561024006,345.1256847925953,149.4166219742691,2023,39
2023-10-02,32.292045745344,243.05962895874046,216.97224165172446,2023,40
2023-10-09,25.419998539583997,318.81466009284344,222.46423252843763,2023,41
2023-10-16,33.7300243632,513.9211980324071,111.86464669190357,2023,42
2023-10-23,46.17149866243199,825.1557092192737,216.60899979237837,2023,43
2023-10-30,80.499402092736,704.3161511804541,223.45321630089637,2023,44
2023-11-06,102.85602392736,998.9204996807977,96.94404920268715,2023,45
2023-11-13,56.978258702112,1085.7080852859197,228.92518069859037,2023,46
2023-11-20,43.666544294208,1078.350339284375,255.5703137245763,2023,47
2023-11-27,50.76491968944,1520.1827259348483,271.19936832587354,2023,48
2023-12-04,49.535184926304,1212.1380165006547,270.08043710152776,2023,49
2023-12-11,51.657628214016,967.4122661952114,256.4267192133157,2023,50
2023-12-18,35.665048181664,584.1133953436935,121.94622120538111,2023,51
2023-12-25,27.186783243840004,635.4670085128155,73.21461435558142,2023,52
2024-01-01,33.75302982904512,865.1716526385268,207.49326563313068,2024,1
2024-01-08,43.886844372096,1070.827621980688,162.42287602708066,2024,2
2024-01-15,47.32560802569599,941.9096169309138,173.4301919736349,2024,3
2024-01-22,64.533126547296,638.4903659018215,109.30168439103772,2024,4
2024-01-29,63.72700362547201,591.4702148153989,149.63458454712713,2024,5
2024-02-05,57.040731858528005,753.3027618337679,145.64722054649397,2024,6
2024-02-12,55.47671090755199,721.6102557818333,83.74426386127351,2024,7
2024-02-19,69.41754096076801,620.411210035247,59.361495960481804,2024,8
2024-02-26,85.53890337696001,650.1622510744285,48.2217881929995,2024,9
2024-03-04,84.13435337788799,724.6546438592499,124.4466949597424,2024,10
2024-03-11,62.742229396704005,665.9772650036929,99.17694471796621,2024,11
2024-03-18,60.20987452128,674.6468998606072,140.5346973891519,2024,12
2024-03-25,64.214732653632,653.0048935846963,147.2425944582326,2024,13
2024-04-01,68.86295469503999,537.3534151802922,200.29262439595877,2024,14
2024-04-08,74.883942147168,408.0505890743958,168.41965312033986,2024,15
2024-04-15,72.72587820009599,651.1323379697233,127.43431613092721,2024,16
2024-04-22,62.271488683008,786.1569767797679,214.92889952969287,2024,17
2024-04-29,58.40308507651199,447.730474010003,148.12271512454916,2024,18
2024-05-06,58.330199727360004,599.0347780216132,265.86875894821554,2024,19
2024-05-13,48.829895870975996,284.5637297224137,58.75404653027141,2024,20
2024-05-20,42.87631366656,509.82141739380126,103.61995794589266,2024,21
2024-05-27,51.152362861247994,565.6149613010089,183.1240680414931,2024,22
2024-06-03,50.978643645599995,472.9712659504345,221.88615466446075,2024,23
2024-06-10,52.309212275232,451.0974730419762,205.5262262028962,2024,24
2024-06-17,110.52652191292799,605.2250222702322,175.7026824670995,2024,25
2024-06-24,45.750078861696,426.75780468384227,170.2006830075263,2024,26
2024-07-01,46.431255470688,300.8870404698375,172.16401292030156,2024,27
2024-07-08,58.444185837312,400.95880446277084,100.551216906776,2024,28
2024-07-15,62.501104933344,396.82586917208334,49.25714958321853,2024,29
2024-07-22,69.09531099609599,454.2213260947976,92.04698758074176,2024,30
2024-07-29,55.478902948128,607.774468199628,86.19898506707568,2024,31
2024-08-05,51.353482584096,431.97370479231546,222.5892745518019,2024,32
2024-08-12,49.107737013984,592.0670113045328,48.17141814436703,2024,33
2024-08-19,49.26282388473601,352.77095455601784,205.70869537973596,2024,34
2024-08-26,60.10849264463999,444.0101542871012,43.79904025610021,2024,35
2024-09-02,60.199462328544,495.54805074180655,118.39340404651483,2024,36
2024-09-09,54.134086054752004,466.9158623421577,147.03482847177958,2024,37
2024-09-16,51.437328136128,471.0609622817452,54.674432292665074,2024,38
2024-09-23,45.194944585824004,381.8312774371131,114.69077434171354,2024,39
2024-09-30,45.036021644064,541.3673170879346,149.78056293678782,2024,40
2024-10-07,54.80868654201599,460.4614896208976,123.48424792717391,2024,41
2024-10-14,55.829081430144,448.04507560375595,142.7852285541522,2024,42
2024-10-21,64.894813242336,461.52070048450594,73.42241291365046,2024,43
2024-10-28,52.02753506121599,464.1596524805387,216.97255843794062,2024,44
2024-11-04,46.38960669974399,564.3653287242649,113.02753102195199,2024,45
2024-11-11,44.705023517088,550.4263027556815,143.07733900903432,2024,46
2024-11-18,42.957967178016,973.1688705299166,391.409724359986,2024,47
2024-11-25,47.467542652991995,601.9541616818095,207.2328188923999,2024,48
2024-12-02,58.010709813408,817.0877349731251,318.0926480368201,2024,49
2024-12-09,60.437298731039995,1570.6423171424635,1326.459491219367,2024,50
2024-12-16,44.663374746143994,329.47009823763693,121.20798205253381,2024,51
2024-12-23,35.877676117536,405.955651707997,82.47051600567872,2024,52
2024-12-30,36.588993284448,636.5983549759393,322.12436830322997,2025,1
2025-01-06,48.81674362752,718.6833737398364,333.522186897743,2025,2
2025-01-13,51.951361651199996,541.1406436849137,144.2232765512108,2025,3
2025-01-20,62.42931560448,1058.995825488854,716.5943175121932,2025,4
2025-01-27,66.6380335104,935.6326098006691,286.0296195381937,2025,5
2025-02-03,57.387622279679995,954.2406055733054,318.263249042781,2025,6
2025-02-10,52.40621007071999,1271.155283830955,416.7663921535644,2025,7
2025-02-17,53.17890437376,939.449197017247,374.99604096731804,2025,8
2025-02-24,65.44337139647999,648.3886767057875,173.13076202251176,2025,9
2025-03-03,59.24537666783999,418.7434424826785,61.02575067715106,2025,10
2025-03-10,55.3216240368,838.4509848713542,313.5319663622313,2025,11
2025-03-17,49.42503488735999,495.07774903112676,120.77263189132213,2025,12
2025-03-24,42.31734331968,530.3905518090834,125.98738397358173,2025,13
2025-03-31,38.048344297919996,629.5288996970833,90.43623076299444,2025,14
2025-04-07,19.80508660416,604.4384011959256,202.87297384643554,2025,15
2025-04-14,17.651406738240002,580.8425584147369,63.67890449840945,2025,16
2025-04-21,20.572300805759998,820.6045796007292,249.74597906485704,2025,17
2025-04-28,16.45126452288,589.9156781698274,107.97862228120516,2025,18
2025-05-05,17.914451607359997,943.0737160829257,182.77417103893137,2025,19
2025-05-12,15.207281496,791.0326413214726,88.6703424532667,2025,20
2025-05-19,17.558245013759997,700.6176341666309,205.09913713686217,2025,21
2025-05-26,17.64044653536,617.7625613269732,131.4802364625428,2025,22
2025-06-02,17.32260065184,638.298023601494,162.81869752432814,2025,23
2025-06-09,17.08695628992,653.1476591578983,94.6165668076559,2025,24
2025-06-16,15.842973263040001,713.4413446951459,109.69240713760907,2025,25
2025-06-23,15.57992839392,569.8949047004762,185.53713239592295,2025,26
2025-06-30,15.10315956864,684.9208984851933,136.10680758751764,2025,27
2025-07-07,15.05931875712,790.2641175485506,45.4261532489521,2025,28
2025-07-14,14.51130861312,877.5663733703067,86.25154854806695,2025,29
2025-07-21,16.029296712,934.2181034379464,54.77076850673337,2025,30
2025-07-28,14.686671859199999,807.6379676471589,144.38124889275332,2025,31
2025-08-04,17.207518521599997,572.0465765674446,172.56167967073708,2025,32
2025-08-11,15.541567683839999,907.5848458701828,151.88151195072874,2025,33
2025-08-18,14.489388207359998,922.9456133591875,112.66711253764623,2025,34
2025-08-25,18.92279027232,1002.5283679844166,214.17770277605368,2025,35
2025-09-01,51.09646582656001,758.5125678984851,182.4927824183061,2025,36
2025-09-08,87.96110821343999,681.1003108329136,239.81751183882673,2025,37
2025-09-15,100.24201554048001,472.410759258878,200.51486283564745,2025,38
2025-09-22,52.13768510016,833.0232830180983,41.01343032595628,2025,39
2025-09-29,59.059053218879995,915.3051343152131,57.04607957501357,2025,40
