iso_year,iso_week,fyllingsgrad,kapasitet_TWh,fylling_TWh
1995,1,0.6310096,34.04359,21.481833
1995,2,0.6058067,34.04359,20.623837
1995,3,0.592652,34.04359,20.176003
1995,4,0.56696594,34.04359,19.301558
1995,5,0.53982985,34.04359,18.377747
1995,6,0.51928866,34.04359,17.67845
1995,7,0.49765486,34.04359,16.941957
1995,8,0.47498152,34.04359,16.170076
1995,9,0.44792604,34.04359,15.249011
1995,10,0.41930783,34.04359,14.274744
1995,11,0.39186,34.04359,13.340322
1995,12,0.36695638,34.04359,12.492513
1995,13,0.33784702,34.04359,11.501525
1995,14,0.31249297,34.04359,10.638383
1995,15,0.2912535,34.04359,9.915315
1995,16,0.26679197,34.04359,9.082557
1995,17,0.2615738,34.04359,8.904911
1995,18,0.2711984,34.04359,9.232567
1995,19,0.2832303,34.04359,9.642177
1995,20,0.2745447,34.04359,9.346486
1995,21,0.3045135,34.04359,10.366734
1995,22,0.4053678,34.04359,13.800175
1995,23,0.4863219,34.04359,16.556143
1995,24,0.56892186,34.04359,19.368143
1995,25,0.632642,34.04359,21.537405
1995,26,0.6878053,34.04359,23.415361
1995,27,0.714511,34.04359,24.32452
1995,28,0.7491893,34.04359,25.505095
1995,29,0.8012933,34.04359,27.2789
1995,30,0.82765794,34.04359,28.176447
1995,31,0.84228396,34.04359,28.67437
1995,32,0.8427146,34.04359,28.689032
1995,33,0.8421197,34.04359,28.668777
1995,34,0.8415034,34.04359,28.647797
1995,35,0.83190566,34.04359,28.321054
1995,36,0.8354057,34.04359,28.440208
1995,37,0.84097826,34.04359,28.62992
1995,38,0.83904564,34.04359,28.564125
1995,39,0.8585434,34.04359,29.227898
1995,40,0.9031546,34.04359,30.746626
1995,41,0.9139655,34.04359,31.114668
1995,42,0.93808395,34.04359,31.935745
1995,43,0.96495515,34.04359,32.85054
1995,44,0.9521744,34.04359,32.415436
1995,45,0.92738664,34.04359,31.57157
1995,46,0.8935465,34.04359,30.41953
1995,47,0.88541794,34.04359,30.142805
1995,48,0.8639847,34.04359,29.413141
1995,49,0.8322627,34.04359,28.333208
1995,50,0.8039357,34.04359,27.368858
1995,51,0.765659,34.04359,26.065779
1995,52,0.7286832,34.04359,24.80699
1996,1,0.70740086,34.04359,24.082464
1996,2,0.6782086,34.04359,23.088654
1996,3,0.6471538,34.04359,22.031437
1996,4,0.61291134,34.04359,20.865704
1996,5,0.5774602,34.04359,19.65882
1996,6,0.54137516,34.04359,18.430353
1996,7,0.5074689,34.04359,17.276062
1996,8,0.47121736,34.04359,16.041931
1996,9,0.439928,34.04359,14.976728
1996,10,0.4097233,34.04359,13.948452
1996,11,0.37932512,34.04359,12.913589
1996,12,0.34922767,34.04359,11.888964
1996,13,0.3194036,34.04359,10.873645
1996,14,0.2949161,34.04359,10.040003
1996,15,0.27362737,34.04359,9.315258
1996,16,0.2657745,34.04359,9.047918
1996,17,0.2968093,34.04359,10.104453
1996,18,0.30173814,34.04359,10.27225
1996,19,0.2953794,34.04359,10.055776
1996,20,0.31087926,34.04359,10.5834465
1996,21,0.31328848,34.04359,10.665464
1996,22,0.3259364,34.04359,11.096045
1996,23,0.35308394,34.04359,12.020246
1996,24,0.38608477,34.04359,13.143711
1996,25,0.4011965,34.04359,13.658169
1996,26,0.4093094,34.04359,13.934361
1996,27,0.42275158,34.04359,14.391981
1996,28,0.43315932,34.04359,14.746298
1996,29,0.44007847,34.04359,14.981851
1996,30,0.44246718,34.04359,15.06317
1996,31,0.44940564,34.04359,15.299381
1996,32,0.45204458,34.04359,15.389219
1996,33,0.45066407,34.04359,15.342222
1996,34,0.45031542,34.04359,15.330354
1996,35,0.46074387,34.04359,15.685375
1996,36,0.46228892,34.04359,15.737974
1996,37,0.45014778,34.04359,15.324647
1996,38,0.44591498,34.04359,15.180547
1996,39,0.44326597,34.04359,15.090365
1996,40,0.47608393,34.04359,16.207607
1996,41,0.49897736,34.04359,16.98698
1996,42,0.5188791,34.04359,17.664507
1996,43,0.52617544,34.04359,17.9129
1996,44,0.5593879,34.04359,19.043571
1996,45,0.5898537,34.04359,20.080738
1996,46,0.5819593,34.04359,19.811985
1996,47,0.5710962,34.04359,19.442163
1996,48,0.551393,34.04359,18.771397
1996,49,0.53821504,34.04359,18.322771
1996,50,0.5211531,34.04359,17.741922
1996,51,0.49688625,34.04359,16.91579
1996,52,0.47638097,34.04359,16.217718
1997,1,0.45273584,34.04359,15.412753
1997,2,0.42623538,34.04359,14.510582
1997,3,0.41669652,34.04359,14.185845
1997,4,0.39727098,34.04359,13.52453
1997,5,0.3798414,34.04359,12.931164
1997,6,0.36595443,34.04359,12.458403
1997,7,0.35374215,34.04359,12.042652
1997,8,0.34103036,34.04359,11.609898
1997,9,0.33737245,34.04359,11.485369
1997,10,0.33132726,34.04359,11.27957
1997,11,0.31780383,34.04359,10.819183
1997,12,0.2954062,34.04359,10.056687
1997,13,0.2818399,34.04359,9.594842
1997,14,0.28031024,34.04359,9.542767
1997,15,0.26929095,34.04359,9.167631
1997,16,0.25954843,34.04359,8.83596
1997,17,0.24600859,34.04359,8.375015
1997,18,0.24973744,34.04359,8.501959
1997,19,0.24889442,34.04359,8.47326
1997,20,0.2763979,34.04359,9.409577
1997,21,0.30388248,34.04359,10.345251
1997,22,0.33385587,34.04359,11.365652
1997,23,0.4028597,34.04359,13.71479
1997,24,0.48939064,34.04359,16.660616
1997,25,0.5363113,34.04359,18.257963
1997,26,0.5832359,34.04359,19.855446
1997,27,0.63440484,34.04359,21.597418
1997,28,0.66042835,34.04359,22.48335
1997,29,0.68249494,34.04359,23.234577
1997,30,0.6988081,34.04359,23.789936
1997,31,0.7132747,34.04359,24.282433
1997,32,0.7208218,34.04359,24.539362
1997,33,0.72087705,34.04359,24.541243
1997,34,0.71832186,34.04359,24.454254
1997,35,0.7488525,34.04359,25.493628
1997,36,0.7680908,34.04359,26.14857
1997,37,0.7926681,34.04359,26.985268
1997,38,0.82841337,34.04359,28.202164
1997,39,0.8242573,34.04359,28.060678
1997,40,0.824622,34.04359,28.073092
1997,41,0.8475356,34.04359,28.853155
1997,42,0.8563856,34.04359,29.15444
1997,43,0.84887785,34.04359,28.89885
1997,44,0.83478063,34.04359,28.41893
1997,45,0.8178699,34.04359,27.843227
1997,46,0.81664836,34.04359,27.801643
1997,47,0.79797703,34.04359,27.166002
1997,48,0.77161497,34.04359,26.268543
1997,49,0.7437459,34.04359,25.31978
1997,50,0.7328375,34.04359,24.94842
1997,51,0.70654726,34.04359,24.053404
1997,52,0.6865022,34.04359,23.371
1998,1,0.6423457,34.04359,21.867754
1998,2,0.6268482,34.04359,21.340164
1998,3,0.62943286,34.04359,21.428154
1998,4,0.6055311,34.04359,20.614452
1998,5,0.57852185,34.04359,19.694962
1998,6,0.5530768,34.04359,18.82872
1998,7,0.54508287,34.04359,18.556578
1998,8,0.5613086,34.04359,19.108961
1998,9,0.57371557,34.04359,19.531338
1998,10,0.55378264,34.04359,18.85275
1998,11,0.5302975,34.04359,18.05323
1998,12,0.5074767,34.04359,17.276329
1998,13,0.48675826,34.04359,16.570997
1998,14,0.49100876,34.04359,16.715702
1998,15,0.47966546,34.04359,16.329535
1998,16,0.45925596,34.04359,15.634722
1998,17,0.45440835,34.04359,15.469691
1998,18,0.48984945,34.04359,16.676235
1998,19,0.52372146,34.04359,17.82936
1998,20,0.5695566,34.04359,19.389751
1998,21,0.604326,34.04359,20.573427
1998,22,0.62278336,34.04359,21.20178
1998,23,0.65507245,34.04359,22.301018
1998,24,0.6980632,34.04359,23.764576
1998,25,0.71944183,34.04359,24.492382
1998,26,0.76475835,34.04359,26.03512
1998,27,0.8092121,34.04359,27.548485
1998,28,0.82167447,34.04359,27.972748
1998,29,0.83559936,34.04359,28.446802
1998,30,0.8614907,34.04359,29.328236
1998,31,0.8740471,34.04359,29.755701
1998,32,0.89053136,34.04359,30.316885
1998,33,0.89677805,34.04359,30.529545
1998,34,0.9239138,34.04359,31.453342
1998,35,0.9158767,34.04359,31.179731
1998,36,0.9017076,34.04359,30.697363
1998,37,0.91794246,34.04359,31.250057
1998,38,0.93054056,34.04359,31.678942
1998,39,0.9208936,34.04359,31.350523
1998,40,0.9073848,34.04359,30.890636
1998,41,0.88792425,34.04359,30.228128
1998,42,0.8773427,34.04359,29.867895
1998,43,0.90196836,34.04359,30.70624
1998,44,0.91168344,34.04359,31.036976
1998,45,0.8922841,34.04359,30.376554
1998,46,0.8699241,34.04359,29.61534
1998,47,0.84047997,34.04359,28.612955
1998,48,0.81488043,34.04359,27.741455
1998,49,0.7865572,34.04359,26.777231
1998,50,0.7529601,34.04359,25.633465
1998,51,0.74075454,34.04359,25.217943
1998,52,0.719379,34.04359,24.490244
1998,53,0.72418463,34.04359,24.653843
1999,1,0.7040019,34.04359,23.966751
1999,2,0.6774123,34.04359,23.061544
1999,3,0.66492796,34.04359,22.636536
1999,4,0.6403982,34.04359,21.801453
1999,5,0.6288327,34.04359,21.407722
1999,6,0.60063356,34.04359,20.447723
1999,7,0.5793057,34.04359,19.721647
1999,8,0.55662507,34.04359,18.949516
1999,9,0.5358255,34.04359,18.241425
1999,10,0.5083189,34.04359,17.305
1999,11,0.4853314,34.04359,16.522423
1999,12,0.4631875,34.04359,15.768564
1999,13,0.45609814,34.04359,15.527218
1999,14,0.472666,34.04359,16.091248
1999,15,0.47432458,34.04359,16.147713
1999,16,0.46155506,34.04359,15.712991
1999,17,0.47742483,34.04359,16.253254
1999,18,0.483602,34.04359,16.463547
1999,19,0.47798163,34.04359,16.272211
1999,20,0.5153935,34.04359,17.545845
1999,21,0.5710019,34.04359,19.438953
1999,22,0.63325864,34.04359,21.558397
1999,23,0.7087026,34.04359,24.126781
1999,24,0.7662738,34.04359,26.086712
1999,25,0.8056716,34.04359,27.427954
1999,26,0.8567067,34.04359,29.16537
1999,27,0.88134336,34.04359,30.004091
1999,28,0.8968578,34.04359,30.532259
1999,29,0.9247363,34.04359,31.481344
1999,30,0.9275216,34.04359,31.576164
1999,31,0.9216103,34.04359,31.374924
1999,32,0.9139115,34.04359,31.112827
1999,33,0.9097139,34.04359,30.969927
1999,34,0.89934057,34.04359,30.616781
1999,35,0.8887065,34.04359,30.254759
1999,36,0.8808958,34.04359,29.988855
1999,37,0.879129,34.04359,29.928707
1999,38,0.90203387,34.04359,30.708471
1999,39,0.917275,34.04359,31.227333
1999,40,0.92076814,34.04359,31.346254
1999,41,0.9300576,34.04359,31.662498
1999,42,0.91383004,34.04359,31.110054
1999,43,0.91356593,34.04359,31.101065
1999,44,0.9403217,34.04359,32.011925
1999,45,0.92785984,34.04359,31.587679
1999,46,0.90519094,34.04359,30.815948
1999,47,0.9030584,34.04359,30.74335
1999,48,0.9105347,34.04359,30.99787
1999,49,0.89953685,34.04359,30.623463
1999,50,0.87172836,34.04359,29.676764
1999,51,0.8513565,34.04359,28.983232
1999,52,0.82946724,34.04359,28.238043
2000,1,0.8219683,34.04359,27.982752
2000,2,0.8020752,34.04359,27.30552
2000,3,0.7738178,34.04359,26.343534
2000,4,0.74491864,34.04359,25.359705
2000,5,0.725623,34.04359,24.702812
2000,6,0.7132868,34.04359,24.282845
2000,7,0.6841973,34.04359,23.292534
2000,8,0.6537162,34.04359,22.254847
2000,9,0.63040775,34.04359,21.461344
2000,10,0.60532445,34.04359,20.607418
2000,11,0.5748699,34.04359,19.570635
2000,12,0.54558486,34.04359,18.573668
2000,13,0.5120324,34.04359,17.43142
2000,14,0.48288727,34.04359,16.439217
2000,15,0.4556523,34.04359,15.51204
2000,16,0.44992986,34.04359,15.317227
2000,17,0.48415533,34.04359,16.482386
2000,18,0.55099976,34.04359,18.758009
2000,19,0.5993743,34.04359,20.404854
2000,20,0.66670847,34.04359,22.697151
2000,21,0.6950948,34.04359,23.663523
2000,22,0.7169939,34.04359,24.409046
2000,23,0.73307705,34.04359,24.956573
2000,24,0.77224237,34.04359,26.289902
2000,25,0.81492984,34.04359,27.743137
2000,26,0.84939456,34.04359,28.91644
2000,27,0.8730175,34.04359,29.720648
2000,28,0.88979745,34.04359,30.291899
2000,29,0.90268075,34.04359,30.730494
2000,30,0.91820127,34.04359,31.258867
2000,31,0.9233762,34.04359,31.435041
2000,32,0.92403054,34.04359,31.457317
2000,33,0.93838537,34.04359,31.946007
2000,34,0.94017494,34.04359,32.00693
2000,35,0.9400324,34.04359,32.00208
2000,36,0.94242454,34.04359,32.083515
2000,37,0.93524146,34.04359,31.838976
2000,38,0.92768615,34.04359,31.581768
2000,39,0.92599523,34.04359,31.5242
2000,40,0.9197606,34.04359,31.31195
2000,41,0.93442136,34.04359,31.811056
2000,42,0.9498519,34.04359,32.33637
2000,43,0.95728743,34.04359,32.5895
2000,44,0.96310335,34.04359,32.787495
2000,45,0.95419174,34.04359,32.48411
2000,46,0.9436674,34.04359,32.125828
2000,47,0.9325909,34.04359,31.748743
2000,48,0.92282695,34.04359,31.416342
2000,49,0.9261558,34.04359,31.529669
2000,50,0.9203263,34.04359,31.331211
2000,51,0.89343697,34.04359,30.4158
2000,52,0.8647108,34.04359,29.437859
2001,1,0.83760315,34.04359,28.515018
2001,2,0.8037632,34.04359,27.362984
2001,3,0.7707442,34.04359,26.238901
2001,4,0.74397707,34.04359,25.32765
2001,5,0.70839363,34.04359,24.116262
2001,6,0.6750936,34.04359,22.982609
2001,7,0.64762586,34.04359,22.04751
2001,8,0.6152499,34.04359,20.945314
2001,9,0.5805492,34.04359,19.763979
2001,10,0.55171865,34.04359,18.782484
2001,11,0.52363163,34.04359,17.826302
2001,12,0.49473384,34.04359,16.842516
2001,13,0.4658969,34.04359,15.860803
2001,14,0.4458312,34.04359,15.177695
2001,15,0.4234667,34.04359,14.416327
2001,16,0.39893776,34.04359,13.581273
2001,17,0.37941328,34.04359,12.91659
2001,18,0.37655577,34.04359,12.81931
2001,19,0.40149468,34.04359,13.668321
2001,20,0.44759747,34.04359,15.237825
2001,21,0.48571688,34.04359,16.535547
2001,22,0.5329402,34.04359,18.143198
2001,23,0.56404316,34.04359,19.202055
2001,24,0.5811143,34.04359,19.783216
2001,25,0.62176543,34.04359,21.167128
2001,26,0.6640131,34.04359,22.605389
2001,27,0.6941366,34.04359,23.630903
2001,28,0.726574,34.04359,24.735188
2001,29,0.73975325,34.04359,25.183855
2001,30,0.74952996,34.04359,25.516691
2001,31,0.759159,34.04359,25.844498
2001,32,0.7660202,34.04359,26.078075
2001,33,0.7807292,34.04359,26.578825
2001,34,0.78948826,34.04359,26.877014
2001,35,0.7935553,34.04359,27.015472
2001,36,0.79428244,34.04359,27.040224
2001,37,0.788188,34.04359,26.832748
2001,38,0.7853999,34.04359,26.737831
2001,39,0.775158,34.04359,26.38916
2001,40,0.82210493,34.04359,27.987402
2001,41,0.8673764,34.04359,29.528606
2001,42,0.87302184,34.04359,29.720797
2001,43,0.87989616,34.04359,29.954824
2001,44,0.91241425,34.04359,31.061857
2001,45,0.90565526,34.04359,30.831757
2001,46,0.88665825,34.04359,30.18503
2001,47,0.8642667,34.04359,29.42274
2001,48,0.846413,34.04359,28.814938
2001,49,0.82455605,34.04359,28.070848
2001,50,0.8002329,34.04359,27.242802
2001,51,0.76789045,34.04359,26.141748
2001,52,0.7377061,34.04359,25.114164
2002,1,0.70473534,34.04359,23.99172
2002,2,0.67505646,34.04359,22.981346
2002,3,0.65373135,34.04359,22.255362
2002,4,0.63264924,34.04359,21.537651
2002,5,0.62286544,34.04359,21.204576
2002,6,0.6178806,34.04359,21.034874
2002,7,0.5978751,34.04359,20.353815
2002,8,0.574886,34.04359,19.571184
2002,9,0.54944485,34.04359,18.705076
2002,10,0.53091115,34.04359,18.074121
2002,11,0.5071055,34.04359,17.263693
2002,12,0.48475623,34.04359,16.502842
2002,13,0.46502498,34.04359,15.83112
2002,14,0.4570087,34.04359,15.558217
2002,15,0.44532165,34.04359,15.160348
2002,16,0.4354872,34.04359,14.825548
2002,17,0.4573008,34.04359,15.568161
2002,18,0.47486126,34.04359,16.165983
2002,19,0.5166256,34.04359,17.58779
2002,20,0.5650891,34.04359,19.237661
2002,21,0.63423353,34.04359,21.591585
2002,22,0.68331295,34.04359,23.262426
2002,23,0.7295643,34.04359,24.836988
2002,24,0.7708007,34.04359,26.240822
2002,25,0.7983883,34.04359,27.180004
2002,26,0.8225595,34.04359,28.002876
2002,27,0.83216447,34.04359,28.329865
2002,28,0.8711334,34.04359,29.656507
2002,29,0.8796649,34.04359,29.94695
2002,30,0.8811553,34.04359,29.99769
2002,31,0.87627345,34.04359,29.831493
2002,32,0.8655475,34.04359,29.466343
2002,33,0.8520638,34.04359,29.00731
2002,34,0.83666503,34.04359,28.483082
2002,35,0.82190275,34.04359,27.98052
2002,36,0.8164723,34.04359,27.795649
2002,37,0.8054478,34.04359,27.420336
2002,38,0.7858069,34.04359,26.751688
2002,39,0.7630747,34.04359,25.977802
2002,40,0.7453713,34.04359,25.375113
2002,41,0.72132903,34.04359,24.55663
2002,42,0.6897939,34.04359,23.48306
2002,43,0.6754854,34.04359,22.995947
2002,44,0.6525409,34.04359,22.214836
2002,45,0.6306486,34.04359,21.469543
2002,46,0.60223067,34.04359,20.502094
2002,47,0.5725453,34.04359,19.491497
2002,48,0.54437506,34.04359,18.53248
2002,49,0.5170529,34.04359,17.602337
2002,50,0.48513526,34.04359,16.515745
2002,51,0.45565933,34.04359,15.5122795
2002,52,0.42974928,34.04359,14.630208
2003,1,0.4002675,34.04359,13.626543
2003,2,0.37069035,34.04359,12.61963
2003,3,0.3656888,34.04359,12.449359
2003,4,0.3562939,34.04359,12.129523
2003,5,0.34226522,34.04359,11.651937
2003,6,0.31952748,34.04359,10.877862
2003,7,0.2989889,34.04359,10.178657
2003,8,0.274559,34.04359,9.346973
2003,9,0.25039974,34.04359,8.524506
2003,10,0.23189661,34.04359,7.8945932
2003,11,0.21986067,34.04359,7.4848466
2003,12,0.2046942,34.04359,6.9685254
2003,13,0.1930543,34.04359,6.572262
2003,14,0.17958674,34.04359,6.113777
2003,15,0.16382188,34.04359,5.577085
2003,16,0.16132216,34.04359,5.4919853
2003,17,0.17147991,34.04359,5.8377914
2003,18,0.1888229,34.04359,6.428209
2003,19,0.20890905,34.04359,7.1120143
2003,20,0.22650905,34.04359,7.711181
2003,21,0.2746784,34.04359,9.351039
2003,22,0.33735943,34.04359,11.484926
2003,23,0.4131131,34.04359,14.063852
2003,24,0.4617286,34.04359,15.7189
2003,25,0.5011698,34.04359,17.061619
2003,26,0.5388725,34.04359,18.345154
2003,27,0.5627817,34.04359,19.15911
2003,28,0.57782716,34.04359,19.67131
2003,29,0.5894736,34.04359,20.067797
2003,30,0.61625457,34.04359,20.979517
2003,31,0.6241372,34.04359,21.247871
2003,32,0.6154289,34.04359,20.95141
2003,33,0.6082589,34.04359,20.707317
2003,34,0.61524653,34.04359,20.945202
2003,35,0.6146434,34.04359,20.924667
2003,36,0.606817,34.04359,20.658228
2003,37,0.6223093,34.04359,21.185642
2003,38,0.63022274,34.04359,21.455046
2003,39,0.6677733,34.04359,22.7334
2003,40,0.6725673,34.04359,22.896605
2003,41,0.67565006,34.04359,23.001553
2003,42,0.6602326,34.04359,22.476688
2003,43,0.63798374,34.04359,21.719255
2003,44,0.62455475,34.04359,21.262087
2003,45,0.6204021,34.04359,21.120714
2003,46,0.6057195,34.04359,20.620867
2003,47,0.59527284,34.04359,20.265224
2003,48,0.58332795,34.04359,19.858578
2003,49,0.57010996,34.04359,19.40859
2003,50,0.55377465,34.04359,18.852476
2003,51,0.5424867,34.04359,18.468195
2003,52,0.54158586,34.04359,18.437527
2004,1,0.5232899,34.04359,17.814669
2004,2,0.5030668,34.04359,17.1262
2004,3,0.48201695,34.04359,16.409588
2004,4,0.45619458,34.04359,15.530501
2004,5,0.43355128,34.04359,14.759642
2004,6,0.43635505,34.04359,14.855093
2004,7,0.41665992,34.04359,14.1846
2004,8,0.39549282,34.04359,13.463995
2004,9,0.37273428,34.04359,12.689213
2004,10,0.34695315,34.04359,11.811531
2004,11,0.323617,34.04359,11.017085
2004,12,0.31893998,34.04359,10.857862
2004,13,0.298769,34.04359,10.171169
2004,14,0.28548342,34.04359,9.718881
2004,15,0.27539364,34.04359,9.375388
2004,16,0.27795827,34.04359,9.462697
2004,17,0.31514964,34.04359,10.728826
2004,18,0.34570086,34.04359,11.768898
2004,19,0.43684343,34.04359,14.871718
2004,20,0.47761554,34.04359,16.259747
2004,21,0.5028608,34.04359,17.119186
2004,22,0.5072091,34.04359,17.26722
2004,23,0.52147186,34.04359,17.752773
2004,24,0.54693395,34.04359,18.619596
2004,25,0.56461215,34.04359,19.221424
2004,26,0.57950556,34.04359,19.728449
2004,27,0.593263,34.04359,20.1968
2004,28,0.603412,34.04359,20.54231
2004,29,0.6128945,34.04359,20.86513
2004,30,0.62340915,34.04359,21.223085
2004,31,0.6256144,34.04359,21.29816
2004,32,0.62933725,34.04359,21.424898
2004,33,0.62464356,34.04359,21.26511
2004,34,0.62738,34.04359,21.358267
2004,35,0.64644134,34.04359,22.007183
2004,36,0.66869783,34.04359,22.764875
2004,37,0.667325,34.04359,22.718138
2004,38,0.6996356,34.04359,23.818108
2004,39,0.7234591,34.04359,24.629147
2004,40,0.73415506,34.04359,24.993273
2004,41,0.7688075,34.04359,26.172966
2004,42,0.7634515,34.04359,25.990631
2004,43,0.77131176,34.04359,26.25822
2004,44,0.7707289,34.04359,26.238379
2004,45,0.7686064,34.04359,26.16612
2004,46,0.7829319,34.04359,26.653812
2004,47,0.7836343,34.04359,26.677725
2004,48,0.7719523,34.04359,26.280027
2004,49,0.76274544,34.04359,25.966595
2004,50,0.7552901,34.04359,25.712786
2004,51,0.758478,34.04359,25.821312
2004,52,0.74468243,34.04359,25.351664
2004,53,0.7410713,34.04359,25.228727
2005,1,0.76023734,34.04359,25.881208
2005,2,0.76730686,34.04359,26.121881
2005,3,0.75173336,34.04359,25.591703
2005,4,0.7240849,34.04359,24.65045
2005,5,0.6969593,34.04359,23.726997
2005,6,0.6718628,34.04359,22.872622
2005,7,0.63911885,34.04359,21.7579
2005,8,0.6034922,34.04359,20.54504
2005,9,0.5674134,34.04359,19.31679
2005,10,0.5342176,34.04359,18.186686
2005,11,0.5064013,34.04359,17.23972
2005,12,0.48266956,34.04359,16.431805
2005,13,0.45968506,34.04359,15.649329
2005,14,0.4416826,34.04359,15.036462
2005,15,0.43074086,34.04359,14.663965
2005,16,0.41733772,34.04359,14.207674
2005,17,0.41260678,34.04359,14.046617
2005,18,0.42799726,34.04359,14.570563
2005,19,0.422307,34.04359,14.376846
2005,20,0.431564,34.04359,14.691988
2005,21,0.4893073,34.04359,16.657778
2005,22,0.5272728,34.04359,17.95026
2005,23,0.55382127,34.04359,18.854065
2005,24,0.6083134,34.04359,20.709171
2005,25,0.6626685,34.04359,22.559616
2005,26,0.6916121,34.04359,23.544958
2005,27,0.73936206,34.04359,25.17054
2005,28,0.7593439,34.04359,25.850794
2005,29,0.7813639,34.04359,26.600431
2005,30,0.79119015,34.04359,26.934954
2005,31,0.8013462,34.04359,27.2807
2005,32,0.8012123,34.04359,27.276142
2005,33,0.7964338,34.04359,27.113466
2005,34,0.8016864,34.04359,27.292284
2005,35,0.81077176,34.04359,27.601582
2005,36,0.8133642,34.04359,27.689838
2005,37,0.8354326,34.04359,28.441126
2005,38,0.8400237,34.04359,28.597422
2005,39,0.85597384,34.04359,29.140423
2005,40,0.8553056,34.04359,29.117674
2005,41,0.84463155,34.04359,28.754292
2005,42,0.82681984,34.04359,28.147917
2005,43,0.8390377,34.04359,28.563856
2005,44,0.886214,34.04359,30.169907
2005,45,0.92498416,34.04359,31.48978
2005,46,0.93113613,34.04359,31.699217
2005,47,0.9082239,34.04359,30.919203
2005,48,0.87796617,34.04359,29.889118
2005,49,0.8504912,34.04359,28.953775
2005,50,0.82921606,34.04359,28.229492
2005,51,0.8068201,34.04359,27.467052
2005,52,0.7774994,34.04359,26.468868
2006,1,0.744876,34.04359,25.358253
2006,2,0.7246166,34.04359,24.66855
2006,3,0.6943171,34.04359,23.637047
2006,4,0.65883636,34.04359,22.429153
2006,5,0.62696415,34.04359,21.34411
2006,6,0.6012074,34.04359,20.467258
2006,7,0.57238024,34.04359,19.485878
2006,8,0.540741,34.04359,18.408766
2006,9,0.50786686,34.04359,17.289612
2006,10,0.474795,34.04359,16.163727
2006,11,0.44325715,34.04359,15.090064
2006,12,0.4125818,34.04359,14.045766
2006,13,0.3857826,34.04359,13.133425
2006,14,0.3590511,34.04359,12.223389
2006,15,0.33644924,34.04359,11.453939
2006,16,0.31640515,34.04359,10.771567
2006,17,0.30515173,34.04359,10.38846
2006,18,0.3379825,34.04359,11.506138
2006,19,0.39228293,34.04359,13.35472
2006,20,0.420535,34.04359,14.316521
2006,21,0.45207486,34.04359,15.390251
2006,22,0.4712991,34.04359,16.044714
2006,23,0.49375108,34.04359,16.80906
2006,24,0.5173216,34.04359,17.611485
2006,25,0.5442133,34.04359,18.526974
2006,26,0.5469216,34.04359,18.619175
2006,27,0.54587966,34.04359,18.583704
2006,28,0.55613923,34.04359,18.932976
2006,29,0.5470111,34.04359,18.622221
2006,30,0.53551674,34.04359,18.230911
2006,31,0.5273978,34.04359,17.954515
2006,32,0.51468754,34.04359,17.52181
2006,33,0.50418216,34.04359,17.16417
2006,34,0.49696267,34.04359,16.918392
2006,35,0.52190423,34.04359,17.767494
2006,36,0.525042,34.04359,17.874315
2006,37,0.5144135,34.04359,17.51248
2006,38,0.5073492,34.04359,17.271988
2006,39,0.5076699,34.04359,17.282906
2006,40,0.5264249,34.04359,17.921392
2006,41,0.5321099,34.04359,18.114931
2006,42,0.5299392,34.04359,18.04103
2006,43,0.5381705,34.04359,18.321257
2006,44,0.5552373,34.04359,18.902271
2006,45,0.5764671,34.04359,19.62501
2006,46,0.5897759,34.04359,20.07809
2006,47,0.6088747,34.04359,20.72828
2006,48,0.63661784,34.04359,21.672756
2006,49,0.6457668,34.04359,21.98422
2006,50,0.66750044,34.04359,22.724112
2006,51,0.66242445,34.04359,22.551306
2006,52,0.6593795,34.04359,22.447645
2007,1,0.653958,34.04359,22.263079
2007,2,0.6566813,34.04359,22.35579
2007,3,0.6509502,34.04359,22.16068
2007,4,0.62444216,34.04359,21.258251
2007,5,0.6046775,34.04359,20.585392
2007,6,0.5773703,34.04359,19.655758
2007,7,0.5473341,34.04359,18.633217
2007,8,0.5162149,34.04359,17.573809
2007,9,0.4889247,34.04359,16.644753
2007,10,0.46919456,34.04359,15.973067
2007,11,0.4648021,34.04359,15.823531
2007,12,0.44596934,34.04359,15.182398
2007,13,0.4304215,34.04359,14.653092
2007,14,0.41544616,34.04359,14.143278
2007,15,0.4099513,34.04359,13.956214
2007,16,0.40733522,34.04359,13.867153
2007,17,0.4412423,34.04359,15.021472
2007,18,0.4775494,34.04359,16.257496
2007,19,0.49096718,34.04359,16.714285
2007,20,0.5097017,34.04359,17.352076
2007,21,0.543354,34.04359,18.49772
2007,22,0.6014338,34.04359,20.474966
2007,23,0.6587568,34.04359,22.426445
2007,24,0.6906075,34.04359,23.510757
2007,25,0.7214939,34.04359,24.562243
2007,26,0.7541134,34.04359,25.672726
2007,27,0.8193565,34.04359,27.893835
2007,28,0.8575124,34.04359,29.1928
2007,29,0.8902602,34.04359,30.307653
2007,30,0.9125595,34.04359,31.066801
2007,31,0.925471,34.04359,31.506355
2007,32,0.9328835,34.04359,31.758703
2007,33,0.95852226,34.04359,32.63154
2007,34,0.9602024,34.04359,32.688736
2007,35,0.95460254,34.04359,32.498096
2007,36,0.94818217,34.04359,32.279526
2007,37,0.94995165,34.04359,32.339764
2007,38,0.95229894,34.04359,32.419674
2007,39,0.95696056,34.04359,32.578373
2007,40,0.94085354,34.04359,32.030033
2007,41,0.9245205,34.04359,31.473995
2007,42,0.916033,34.04359,31.185053
2007,43,0.9053571,34.04359,30.821608
2007,44,0.92607,34.04359,31.526747
2007,45,0.9195776,34.04359,31.305723
2007,46,0.89270526,34.04359,30.390892
2007,47,0.87070864,34.04359,29.642048
2007,48,0.8483181,34.04359,28.879793
2007,49,0.843174,34.04359,28.70467
2007,50,0.81397974,34.04359,27.710793
2007,51,0.78327984,34.04359,26.665659
2007,52,0.77548826,34.04359,26.400404
2008,1,0.7508906,34.04359,25.563011
2008,2,0.7245744,34.04359,24.667112
2008,3,0.70805484,34.04359,24.104729
2008,4,0.68778044,34.04359,23.414516
2008,5,0.6694242,34.04359,22.789602
2008,6,0.6455929,34.04359,21.9783
2008,7,0.61606133,34.04359,20.972939
2008,8,0.60385346,34.04359,20.55734
2008,9,0.5896742,34.04359,20.074625
2008,10,0.5611632,34.04359,19.10401
2008,11,0.53327364,34.04359,18.154549
2008,12,0.50173587,34.04359,17.08089
2008,13,0.47036895,34.04359,16.013048
2008,14,0.4446023,34.04359,15.135859
2008,15,0.41362467,34.04359,14.081268
2008,16,0.38457674,34.04359,13.092373
2008,17,0.37371066,34.04359,12.722452
2008,18,0.43738365,34.04359,14.890109
2008,19,0.48738557,34.04359,16.592354
2008,20,0.5380715,34.04359,18.317886
2008,21,0.5580158,34.04359,18.99686
2008,22,0.6116884,34.04359,20.824068
2008,23,0.6801564,34.04359,23.154966
2008,24,0.71749616,34.04359,24.426144
2008,25,0.75455827,34.04359,25.687874
2008,26,0.7777237,34.04359,26.476507
2008,27,0.8022149,34.04359,27.310276
2008,28,0.8242874,34.04359,28.061703
2008,29,0.8489549,34.04359,28.901472
2008,30,0.8626769,34.04359,29.36862
2008,31,0.8658872,34.04359,29.477911
2008,32,0.8704957,34.04359,29.634796
2008,33,0.8838682,34.04359,30.090046
2008,34,0.87490094,34.04359,29.78477
2008,35,0.8670763,34.04359,29.518389
2008,36,0.8808793,34.04359,29.988293
2008,37,0.87399006,34.04359,29.75376
2008,38,0.8567559,34.04359,29.167048
2008,39,0.8370134,34.04359,28.494942
2008,40,0.8223134,34.04359,27.994501
2008,41,0.831299,34.04359,28.300402
2008,42,0.8336881,34.04359,28.381735
2008,43,0.88221866,34.04359,30.03389
2008,44,0.8770852,34.04359,29.859129
2008,45,0.85791665,34.04359,29.206562
2008,46,0.8647367,34.04359,29.43874
2008,47,0.84841985,34.04359,28.883257
2008,48,0.8303596,34.04359,28.268421
2008,49,0.8008851,34.04359,27.265003
2008,50,0.7684836,34.04359,26.16194
2008,51,0.74707055,34.04359,25.432962
2008,52,0.7239736,34.04359,24.64666
2009,1,0.6916415,34.04359,23.54596
2009,2,0.6626993,34.04359,22.560661
2009,3,0.648757,34.04359,22.086016
2009,4,0.62198424,34.04359,21.174576
2009,5,0.5910706,34.04359,20.122164
2009,6,0.56035894,34.04359,19.076632
2009,7,0.52634674,34.04359,17.918732
2009,8,0.4935059,34.04359,16.800713
2009,9,0.46386153,34.04359,15.791512
2009,10,0.43583417,34.04359,14.837359
2009,11,0.4071991,34.04359,13.862519
2009,12,0.38278377,34.04359,13.031334
2009,13,0.35631198,34.04359,12.130138
2009,14,0.3378819,34.04359,11.502713
2009,15,0.3414449,34.04359,11.624011
2009,16,0.35833877,34.04359,12.199139
2009,17,0.37359133,34.04359,12.7183895
2009,18,0.42804572,34.04359,14.572213
2009,19,0.45071736,34.04359,15.344037
2009,20,0.46077505,34.04359,15.686437
2009,21,0.49407548,34.04359,16.820103
2009,22,0.5319505,34.04359,18.109505
2009,23,0.5521773,34.04359,18.798098
2009,24,0.5664305,34.04359,19.283329
2009,25,0.59221625,34.04359,20.161167
2009,26,0.61879975,34.04359,21.066164
2009,27,0.6410748,34.04359,21.824486
2009,28,0.6681998,34.04359,22.74792
2009,29,0.69572675,34.04359,23.685038
2009,30,0.7207295,34.04359,24.536219
2009,31,0.7580968,34.04359,25.808338
2009,32,0.7749323,34.04359,26.38148
2009,33,0.7865561,34.04359,26.777193
2009,34,0.80961716,34.04359,27.562275
2009,35,0.82758266,34.04359,28.173885
2009,36,0.8531972,34.04359,29.045897
2009,37,0.8604575,34.04359,29.293062
2009,38,0.85203993,34.04359,29.006498
2009,39,0.870474,34.04359,29.634058
2009,40,0.8757782,34.04359,29.814632
2009,41,0.874696,34.04359,29.777794
2009,42,0.85614717,34.04359,29.146322
2009,43,0.8364403,34.04359,28.475431
2009,44,0.814759,34.04359,27.737322
2009,45,0.80452156,34.04359,27.388803
2009,46,0.7885524,34.04359,26.845154
2009,47,0.81746864,34.04359,27.829567
2009,48,0.82510155,34.04359,28.089418
2009,49,0.8033482,34.04359,27.348856
2009,50,0.7814924,34.04359,26.604807
2009,51,0.7498717,34.04359,25.528324
2009,52,0.722568,34.04359,24.598808
2009,53,0.6904561,34.04359,23.505604
2010,1,0.65600115,34.04359,22.332634
2010,2,0.62197834,34.04359,21.174376
2010,3,0.5884881,34.04359,20.034248
2010,4,0.55459994,34.04359,18.880571
2010,5,0.51994723,34.04359,17.70087
2010,6,0.48432052,34.04359,16.48801
2010,7,0.44928786,34.04359,15.295372
2010,8,0.41576582,34.04359,14.154161
2010,9,0.38240266,34.04359,13.018359
2010,10,0.35162053,34.04359,11.970425
2010,11,0.3264095,34.04359,11.11215
2010,12,0.30627355,34.04359,10.426651
2010,13,0.28841674,34.04359,9.818741
2010,14,0.2730813,34.04359,9.296668
2010,15,0.2650413,34.04359,9.022957
2010,16,0.25210044,34.04359,8.582404
2010,17,0.2663523,34.04359,9.067588
2010,18,0.2657566,34.04359,9.047309
2010,19,0.27996057,34.04359,9.530863
2010,20,0.34783792,34.04359,11.841651
2010,21,0.3776191,34.04359,12.85551
2010,22,0.40720746,34.04359,13.862803
2010,23,0.44033772,34.04359,14.990677
2010,24,0.45878822,34.04359,15.618798
2010,25,0.47229153,34.04359,16.078499
2010,26,0.4828521,34.04359,16.438019
2010,27,0.49191517,34.04359,16.74656
2010,28,0.5144345,34.04359,17.513197
2010,29,0.5362859,34.04359,18.257095
2010,30,0.5388032,34.04359,18.342794
2010,31,0.5460019,34.04359,18.587866
2010,32,0.56027573,34.04359,19.073797
2010,33,0.57056195,34.04359,19.423977
2010,34,0.59325886,34.04359,20.196663
2010,35,0.58466643,34.04359,19.904144
2010,36,0.5784097,34.04359,19.691143
2010,37,0.5960247,34.04359,20.290821
2010,38,0.60376215,34.04359,20.55423
2010,39,0.6011198,34.04359,20.464277
2010,40,0.6540158,34.04359,22.265045
2010,41,0.63966465,34.04359,21.77648
2010,42,0.62404495,34.04359,21.24473
2010,43,0.63454825,34.04359,21.6023
2010,44,0.6400926,34.04359,21.79105
2010,45,0.62347484,34.04359,21.225323
2010,46,0.60007215,34.04359,20.42861
2010,47,0.5732997,34.04359,19.51718
2010,48,0.5437586,34.04359,18.511494
2010,49,0.51627666,34.04359,17.57591
2010,50,0.48620713,34.04359,16.552237
2010,51,0.4564006,34.04359,15.537515
2010,52,0.4292873,34.04359,14.614481
2011,1,0.4040839,34.04359,13.756467
2011,2,0.38164288,34.04359,12.992494
2011,3,0.36337036,34.04359,12.370432
2011,4,0.33744782,34.04359,11.487936
2011,5,0.31884283,34.04359,10.854555
2011,6,0.2983252,34.04359,10.156061
2011,7,0.2712859,34.04359,9.235546
2011,8,0.24388099,34.04359,8.302584
2011,9,0.21875499,34.04359,7.447205
2011,10,0.19607827,34.04359,6.675208
2011,11,0.17322023,34.04359,5.8970385
2011,12,0.16717921,34.04359,5.6913805
2011,13,0.15199769,34.04359,5.1745467
2011,14,0.17507254,34.04359,5.960098
2011,15,0.19116998,34.04359,6.5081124
2011,16,0.22149435,34.04359,7.540463
2011,17,0.2550282,34.04359,8.6820755
2011,18,0.26481196,34.04359,9.015149
2011,19,0.3005971,34.04359,10.233404
2011,20,0.3262176,34.04359,11.1056185
2011,21,0.36517948,34.04359,12.43202
2011,22,0.41046998,34.04359,13.973872
2011,23,0.4683574,34.04359,15.944568
2011,24,0.51139206,34.04359,17.40962
2011,25,0.5369509,34.04359,18.279736
2011,26,0.5972709,34.04359,20.333246
2011,27,0.6269989,34.04359,21.345293
2011,28,0.6442783,34.04359,21.933544
2011,29,0.67737114,34.04359,23.060144
2011,30,0.6913979,34.04359,23.537666
2011,31,0.6938712,34.04359,23.621868
2011,32,0.6931458,34.04359,23.597172
2011,33,0.68698215,34.04359,23.387339
2011,34,0.6955481,34.04359,23.678955
2011,35,0.70574415,34.04359,24.026064
2011,36,0.739954,34.04359,25.19069
2011,37,0.7719786,34.04359,26.280924
2011,38,0.79498863,34.04359,27.064268
2011,39,0.8051376,34.04359,27.409773
2011,40,0.8256982,34.04359,28.10973
2011,41,0.8279609,34.04359,28.186762
2011,42,0.8329498,34.04359,28.356602
2011,43,0.83268553,34.04359,28.347605
2011,44,0.84490156,34.04359,28.763483
2011,45,0.83594775,34.04359,28.458662
2011,46,0.8173717,34.04359,27.826267
2011,47,0.8242082,34.04359,28.059006
2011,48,0.8499827,34.04359,28.93646
2011,49,0.8361584,34.04359,28.465834
2011,50,0.82410365,34.04359,28.055447
2011,51,0.8083424,34.04359,27.518877
2011,52,0.83157915,34.04359,28.30994
2012,1,0.8193674,34.04359,27.894207
2012,2,0.8003394,34.04359,27.246426
2012,3,0.77246094,34.04359,26.297344
2012,4,0.74139506,34.04359,25.23975
2012,5,0.70620483,34.04359,24.041748
2012,6,0.66942686,34.04359,22.789694
2012,7,0.6362469,34.04359,21.66013
2012,8,0.6188419,34.04359,21.0676
2012,9,0.6091926,34.04359,20.739103
2012,10,0.59020126,34.04359,20.092571
2012,11,0.5824616,34.04359,19.829084
2012,12,0.58428997,34.04359,19.891329
2012,13,0.5914558,34.04359,20.135279
2012,14,0.57351613,34.04359,19.52455
2012,15,0.5538624,34.04359,18.855465
2012,16,0.5254493,34.04359,17.88818
2012,17,0.51107556,34.04359,17.398846
2012,18,0.5093728,34.04359,17.340878
2012,19,0.5047325,34.04359,17.182907
2012,20,0.5054962,34.04359,17.208906
2012,21,0.5591079,34.04359,19.034039
2012,22,0.594326,34.04359,20.232992
2012,23,0.6069704,34.04359,20.663454
2012,24,0.6405448,34.04359,21.806444
2012,25,0.68466216,34.04359,23.308357
2012,26,0.7258154,34.04359,24.709362
2012,27,0.7769285,34.04359,26.449436
2012,28,0.82003295,34.04359,27.916864
2012,29,0.8357543,34.04359,28.452076
2012,30,0.8615703,34.04359,29.330946
2012,31,0.8694406,34.04359,29.598879
2012,32,0.8741924,34.04359,29.760649
2012,33,0.87577677,34.04359,29.814587
2012,34,0.8766688,34.04359,29.844954
2012,35,0.8874869,34.04359,30.213238
2012,36,0.9015164,34.04359,30.690853
2012,37,0.92464346,34.04359,31.478182
2012,38,0.9337029,34.04359,31.786598
2012,39,0.9254718,34.04359,31.50638
2012,40,0.94523305,34.04359,32.179127
2012,41,0.9335565,34.04359,31.781614
2012,42,0.9307877,34.04359,31.687353
2012,43,0.9155757,34.04359,31.169483
2012,44,0.9047112,34.04359,30.799618
2012,45,0.8993801,34.04359,30.618128
2012,46,0.9040576,34.04359,30.777367
2012,47,0.91737854,34.04359,31.23086
2012,48,0.89496166,34.04359,30.467707
2012,49,0.8626014,34.04359,29.366049
2012,50,0.8321603,34.04359,28.329725
2012,51,0.80136436,34.04359,27.28132
2012,52,0.78191525,34.04359,26.619202
2013,1,0.77349496,34.04359,26.332544
2013,2,0.74580437,34.04359,25.389858
2013,3,0.71003246,34.04359,24.172054
2013,4,0.6747162,34.04359,22.969759
2013,5,0.6484921,34.04359,22.076998
2013,6,0.6175108,34.04359,21.022285
2013,7,0.5846707,34.04359,19.904291
2013,8,0.5524922,34.04359,18.808819
2013,9,0.5225854,34.04359,17.790684
2013,10,0.49453712,34.04359,16.83582
2013,11,0.46175814,34.04359,15.719904
2013,12,0.4281544,34.04359,14.575913
2013,13,0.39541897,34.04359,13.461481
2013,14,0.3629642,34.04359,12.356605
2013,15,0.33189285,34.04359,11.298824
2013,16,0.33816198,34.04359,11.512248
2013,17,0.32875153,34.04359,11.191883
2013,18,0.31645858,34.04359,10.773386
2013,19,0.35126364,34.04359,11.958276
2013,20,0.42571762,34.04359,14.492956
2013,21,0.5049961,34.04359,17.191881
2013,22,0.57215255,34.04359,19.478127
2013,23,0.6006995,34.04359,20.449966
2013,24,0.6325383,34.04359,21.533875
2013,25,0.6625765,34.04359,22.556482
2013,26,0.6998159,34.04359,23.824245
2013,27,0.71537334,34.04359,24.353876
2013,28,0.72078085,34.04359,24.537968
2013,29,0.7242074,34.04359,24.65462
2013,30,0.71666694,34.04359,24.397917
2013,31,0.71297216,34.04359,24.272133
2013,32,0.7390926,34.04359,25.161366
2013,33,0.7511257,34.04359,25.571016
2013,34,0.76178414,34.04359,25.933867
2013,35,0.7526263,34.04359,25.6221
2013,36,0.7520179,34.04359,25.601389
2013,37,0.74872935,34.04359,25.489435
2013,38,0.76381594,34.04359,26.003036
2013,39,0.75371516,34.04359,25.65917
2013,40,0.7400701,34.04359,25.194643
2013,41,0.73830557,34.04359,25.134573
2013,42,0.7191445,34.04359,24.482262
2013,43,0.753801,34.04359,25.662092
2013,44,0.77361673,34.04359,26.33669
2013,45,0.7708147,34.04359,26.2413
2013,46,0.76978934,34.04359,26.206392
2013,47,0.75584555,34.04359,25.731695
2013,48,0.7374903,34.04359,25.106817
2013,49,0.72159,34.04359,24.565514
2013,50,0.71156377,34.04359,24.224186
2013,51,0.71277976,34.04359,24.265581
2013,52,0.7200005,34.04359,24.511402
2014,1,0.71891963,34.04359,24.474606
2014,2,0.7083257,34.04359,24.113949
2014,3,0.6761992,34.04359,23.020248
2014,4,0.64378345,34.04359,21.916698
2014,5,0.61269486,34.04359,20.858332
2014,6,0.58626294,34.04359,19.958494
2014,7,0.56448793,34.04359,19.217196
2014,8,0.5396267,34.04359,18.37083
2014,9,0.5222464,34.04359,17.779142
2014,10,0.5026975,34.04359,17.113628
2014,11,0.48752514,34.04359,16.597105
2014,12,0.48084944,34.04359,16.36984
2014,13,0.4568172,34.04359,15.551698
2014,14,0.43056044,34.04359,14.657824
2014,15,0.42348632,34.04359,14.416995
2014,16,0.4080306,34.04359,13.890826
2014,17,0.41364506,34.04359,14.081963
2014,18,0.42023167,34.04359,14.306194
2014,19,0.4211284,34.04359,14.336722
2014,20,0.44526795,34.04359,15.15852
2014,21,0.5330329,34.04359,18.146353
2014,22,0.5995649,34.04359,20.411343
2014,23,0.6586128,34.04359,22.421543
2014,24,0.7141392,34.04359,24.311863
2014,25,0.7486151,34.04359,25.485544
2014,26,0.7576704,34.04359,25.79382
2014,27,0.77524567,34.04359,26.392145
2014,28,0.8211334,34.04359,27.954329
2014,29,0.8314786,34.04359,28.306515
2014,30,0.83176774,34.04359,28.316359
2014,31,0.8316222,34.04359,28.311405
2014,32,0.838057,34.04359,28.530468
2014,33,0.85622805,34.04359,29.149076
2014,34,0.8556999,34.04359,29.131096
2014,35,0.85304296,34.04359,29.040644
2014,36,0.85377616,34.04359,29.065605
2014,37,0.85707337,34.04359,29.177853
2014,38,0.836564,34.04359,28.479643
2014,39,0.8261835,34.04359,28.126251
2014,40,0.8145593,34.04359,27.730522
2014,41,0.8379433,34.04359,28.526598
2014,42,0.83240813,34.04359,28.33816
2014,43,0.8737795,34.04359,29.74659
2014,44,0.916223,34.04359,31.191519
2014,45,0.91536134,34.04359,31.162186
2014,46,0.9079085,34.04359,30.908464
2014,47,0.8850255,34.04359,30.129446
2014,48,0.862223,34.04359,29.353168
2014,49,0.83499366,34.04359,28.426182
2014,50,0.81488544,34.04359,27.741625
2014,51,0.7960727,34.04359,27.101173
2014,52,0.77418697,34.04359,26.356104
2015,1,0.7590258,34.04359,25.839962
2015,2,0.74050474,34.04359,25.20944
2015,3,0.7219894,34.04359,24.579111
2015,4,0.6895146,34.04359,23.47355
2015,5,0.6587542,34.04359,22.42636
2015,6,0.6233598,34.04359,21.221407
2015,7,0.5906592,34.04359,20.10816
2015,8,0.56758505,34.04359,19.322634
2015,9,0.54463196,34.04359,18.541227
2015,10,0.5245167,34.04359,17.856432
2015,11,0.50696737,34.04359,17.258987
2015,12,0.47880065,34.04359,16.300093
2015,13,0.44827312,34.04359,15.260826
2015,14,0.42157444,34.04359,14.351907
2015,15,0.40262467,34.04359,13.706789
2015,16,0.383667,34.04359,13.061401
2015,17,0.37599754,34.04359,12.800305
2015,18,0.35699287,34.04359,12.153319
2015,19,0.36483264,34.04359,12.420213
2015,20,0.38512918,34.04359,13.111179
2015,21,0.3912316,34.04359,13.318928
2015,22,0.39990965,34.04359,13.614361
2015,23,0.43671203,34.04359,14.867245
2015,24,0.47832075,34.04359,16.283754
2015,25,0.51330495,34.04359,17.474743
2015,26,0.5515066,34.04359,18.775263
2015,27,0.62232816,34.04359,21.186285
2015,28,0.68879503,34.04359,23.449055
2015,29,0.7284376,34.04359,24.798632
2015,30,0.7628438,34.04359,25.969942
2015,31,0.78784204,34.04359,26.82097
2015,32,0.8198371,34.04359,27.910198
2015,33,0.8512182,34.04359,28.978523
2015,34,0.8731525,34.04359,29.725246
2015,35,0.91284865,34.04359,31.076645
2015,36,0.93598366,34.04359,31.864244
2015,37,0.9261039,34.04359,31.5279
2015,38,0.9513867,34.04359,32.38862
2015,39,0.9490295,34.04359,32.308372
2015,40,0.93518573,34.04359,31.83708
2015,41,0.92099345,34.04359,31.353924
2015,42,0.8992944,34.04359,30.61521
2015,43,0.894043,34.04359,30.436434
2015,44,0.88152725,34.04359,30.010351
2015,45,0.87266237,34.04359,29.70856
2015,46,0.8879541,34.04359,30.229147
2015,47,0.87242305,34.04359,29.700413
2015,48,0.86263436,34.04359,29.36717
2015,49,0.8895217,34.04359,30.282513
2015,50,0.89695406,34.04359,30.535536
2015,51,0.90216845,34.04359,30.713053
2015,52,0.9144448,34.04359,31.130985
2015,53,0.8933069,34.04359,30.411375
2016,1,0.85952026,34.04359,29.261154
2016,2,0.82318616,34.04359,28.024214
2016,3,0.7842135,34.04359,26.697441
2016,4,0.7766809,34.04359,26.441006
2016,5,0.76174444,34.04359,25.932516
2016,6,0.73563445,34.04359,25.043636
2016,7,0.70548594,34.04359,24.017273
2016,8,0.6706512,34.04359,22.831375
2016,9,0.6350839,34.04359,21.620537
2016,10,0.5960494,34.04359,20.291662
2016,11,0.56790304,34.04359,19.33346
2016,12,0.5449486,34.04359,18.552006
2016,13,0.5253568,34.04359,17.885033
2016,14,0.50901204,34.04359,17.328598
2016,15,0.4883596,34.04359,16.625513
2016,16,0.47159755,34.04359,16.054874
2016,17,0.44569513,34.04359,15.173062
2016,18,0.44428945,34.04359,15.125208
2016,19,0.4695567,34.04359,15.985395
2016,20,0.49683455,34.04359,16.914032
2016,21,0.55583954,34.04359,18.922773
2016,22,0.6435325,34.04359,21.908155
2016,23,0.6761772,34.04359,23.0195
2016,24,0.69686586,34.04359,23.723814
2016,25,0.72845197,34.04359,24.79912
2016,26,0.7608679,34.04359,25.902674
2016,27,0.76894534,34.04359,26.17766
2016,28,0.7835734,34.04359,26.67565
2016,29,0.78684026,34.04359,26.786867
2016,30,0.8039081,34.04359,27.367918
2016,31,0.8192751,34.04359,27.891064
2016,32,0.8444276,34.04359,28.747345
2016,33,0.8405533,34.04359,28.615452
2016,34,0.84267694,34.04359,28.687748
2016,35,0.8437855,34.04359,28.725489
2016,36,0.8494206,34.04359,28.917326
2016,37,0.8460618,34.04359,28.802982
2016,38,0.8331102,34.04359,28.362062
2016,39,0.873812,34.04359,29.747698
2016,40,0.8616747,34.04359,29.3345
2016,41,0.83697546,34.04359,28.493649
2016,42,0.812775,34.04359,27.669779
2016,43,0.7978289,34.04359,27.160961
2016,44,0.7772,34.04359,26.458677
2016,45,0.7456146,34.04359,25.383396
2016,46,0.7348454,34.04359,25.016775
2016,47,0.725856,34.04359,24.710745
2016,48,0.7011592,34.04359,23.869974
2016,49,0.70328313,34.04359,23.942284
2016,50,0.6755192,34.04359,22.997099
2016,51,0.6651615,34.04359,22.644484
2016,52,0.6784281,34.04359,23.096128
2017,1,0.65780395,34.04359,22.394009
2017,2,0.6399824,34.04359,21.787298
2017,3,0.6228672,34.04359,21.204638
2017,4,0.60201156,34.04359,20.494635
2017,5,0.5758196,34.04359,19.602966
2017,6,0.5460092,34.04359,18.588114
2017,7,0.52120656,34.04359,17.743742
2017,8,0.5102935,34.04359,17.372223
2017,9,0.49049354,34.04359,16.69816
2017,10,0.46324995,34.04359,15.770692
2017,11,0.44806567,34.04359,15.253763
2017,12,0.42649126,34.04359,14.519294
2017,13,0.42347938,34.04359,14.416758
2017,14,0.42877236,34.04359,14.596951
2017,15,0.42483532,34.04359,14.46292
2017,16,0.40619314,34.04359,13.828273
2017,17,0.3785502,34.04359,12.887208
2017,18,0.3713494,34.04359,12.642066
2017,19,0.3684929,34.04359,12.544822
2017,20,0.46666977,34.04359,15.887115
2017,21,0.52430016,34.04359,17.849058
2017,22,0.5676617,34.04359,19.325243
2017,23,0.6515249,34.04359,22.180246
2017,24,0.69508463,34.04359,23.663176
2017,25,0.72316235,34.04359,24.619043
2017,26,0.7378113,34.04359,25.117746
2017,27,0.73856384,34.04359,25.143366
2017,28,0.73977506,34.04359,25.184599
2017,29,0.7411101,34.04359,25.230047
2017,30,0.7477125,34.04359,25.454819
2017,31,0.7776601,34.04359,26.47434
2017,32,0.7866831,34.04359,26.781515
2017,33,0.79782224,34.04359,27.160732
2017,34,0.79273134,34.04359,26.98742
2017,35,0.78067404,34.04359,26.576948
2017,36,0.79704297,34.04359,27.134203
2017,37,0.8231899,34.04359,28.02434
2017,38,0.82318366,34.04359,28.024126
2017,39,0.8361453,34.04359,28.465387
2017,40,0.878617,34.04359,29.911278
2017,41,0.88648283,34.04359,30.179058
2017,42,0.89058733,34.04359,30.318789
2017,43,0.90613484,34.04359,30.848082
2017,44,0.90497684,34.04359,30.80866
2017,45,0.89238924,34.04359,30.380133
2017,46,0.8749459,34.04359,29.786299
2017,47,0.8719819,34.04359,29.685394
2017,48,0.84680045,34.04359,28.828127
2017,49,0.8570827,34.04359,29.178171
2017,50,0.82800996,34.04359,28.18843
2017,51,0.8249562,34.04359,28.08447
2017,52,0.8192392,34.04359,27.889843
2018,1,0.79376745,34.04359,27.022694
2018,2,0.7622668,34.04359,25.950298
2018,3,0.7312088,34.04359,24.892973
2018,4,0.7069446,34.04359,24.06693
2018,5,0.6791818,34.04359,23.121788
2018,6,0.64619213,34.04359,21.9987
2018,7,0.61251175,34.04359,20.8521
2018,8,0.5744709,34.04359,19.55705
2018,9,0.53595906,34.04359,18.24597
2018,10,0.4992966,34.04359,16.99785
2018,11,0.4652187,34.04359,15.837715
2018,12,0.4314653,34.04359,14.688628
2018,13,0.40120804,34.04359,13.658563
2018,14,0.37464643,34.04359,12.75431
2018,15,0.35502136,34.04359,12.086201
2018,16,0.3742092,34.04359,12.739425
2018,17,0.39116046,34.04359,13.316505
2018,18,0.40447867,34.04359,13.769906
2018,19,0.49993244,34.04359,17.019495
2018,20,0.5542376,34.04359,18.868238
2018,21,0.59023243,34.04359,20.093632
2018,22,0.6301257,34.04359,21.45174
2018,23,0.64319575,34.04359,21.896692
2018,24,0.66175056,34.04359,22.528366
2018,25,0.6715203,34.04359,22.86096
2018,26,0.6662504,34.04359,22.681555
2018,27,0.65438384,34.04359,22.277575
2018,28,0.6399985,34.04359,21.787846
2018,29,0.62587315,34.04359,21.306969
2018,30,0.61311847,34.04359,20.872753
2018,31,0.6141313,34.04359,20.907232
2018,32,0.6286755,34.04359,21.40237
2018,33,0.65018976,34.04359,22.134792
2018,34,0.65289235,34.04359,22.226799
2018,35,0.64675844,34.04359,22.017979
2018,36,0.65729636,34.04359,22.376728
2018,37,0.7155352,34.04359,24.359386
2018,38,0.7642509,34.04359,26.017843
2018,39,0.7943021,34.04359,27.040895
2018,40,0.79678416,34.04359,27.125393
2018,41,0.82820606,34.04359,28.195107
2018,42,0.82906634,34.04359,28.224394
2018,43,0.8350948,34.04359,28.429625
2018,44,0.81850487,34.04359,27.864843
2018,45,0.81734645,34.04359,27.825409
2018,46,0.8254144,34.04359,28.10007
2018,47,0.7966273,34.04359,27.120052
2018,48,0.7765282,34.04359,26.435806
2018,49,0.7574107,34.04359,25.784979
2018,50,0.7224159,34.04359,24.593632
2018,51,0.69223684,34.04359,23.566227
2018,52,0.6757047,34.04359,23.003414
2019,1,0.6616894,34.04359,22.526283
2019,2,0.64057434,34.04359,21.80745
2019,3,0.61236644,34.04359,20.847153
2019,4,0.57761276,34.04359,19.664011
2019,5,0.5461839,34.04359,18.59406
2019,6,0.5235883,34.04359,17.824825
2019,7,0.50776947,34.04359,17.286295
2019,8,0.49721128,34.04359,16.926857
2019,9,0.48698023,34.04359,16.578554
2019,10,0.4720732,34.04359,16.071066
2019,11,0.45650303,34.04359,15.541002
2019,12,0.44879723,34.04359,15.278669
2019,13,0.44573602,34.04359,15.174454
2019,14,0.43476322,34.04359,14.8009
2019,15,0.41625062,34.04359,14.170665
2019,16,0.40652946,34.04359,13.839722
2019,17,0.45982757,34.04359,15.6541815
2019,18,0.5066408,34.04359,17.247871
2019,19,0.5079,34.04359,17.290741
2019,20,0.524693,34.04359,17.862434
2019,21,0.58787453,34.04359,20.01336
2019,22,0.6093802,34.04359,20.74549
2019,23,0.66009635,34.04359,22.47205
2019,24,0.6950665,34.04359,23.66256
2019,25,0.72060245,34.04359,24.531895
2019,26,0.7334811,34.04359,24.97033
2019,27,0.7441583,34.04359,25.33382
2019,28,0.7390942,34.04359,25.16142
2019,29,0.7374777,34.04359,25.106388
2019,30,0.7415248,34.04359,25.244165
2019,31,0.73698115,34.04359,25.089485
2019,32,0.7390571,34.04359,25.160158
2019,33,0.7583777,34.04359,25.817898
2019,34,0.78607166,34.04359,26.7607
2019,35,0.79552513,34.04359,27.082531
2019,36,0.8083627,34.04359,27.519567
2019,37,0.8375707,34.04359,28.513914
2019,38,0.8470754,34.04359,28.837488
2019,39,0.84565854,34.04359,28.789251
2019,40,0.8350961,34.04359,28.42967
2019,41,0.84333146,34.04359,28.71003
2019,42,0.8513649,34.04359,28.983517
2019,43,0.8605772,34.04359,29.297138
2019,44,0.8474875,34.04359,28.851517
2019,45,0.8195205,34.04359,27.899418
2019,46,0.796198,34.04359,27.10544
2019,47,0.7770524,34.04359,26.453651
2019,48,0.7522516,34.04359,25.609346
2019,49,0.739017,34.04359,25.15879
2019,50,0.7281637,34.04359,24.789307
2019,51,0.71567893,34.04359,24.364279
2019,52,0.70451665,34.04359,23.984276
2020,1,0.7153288,34.04359,24.352362
2020,2,0.7251334,34.04359,24.686144
2020,3,0.7227876,34.04359,24.606285
2020,4,0.7165981,34.04359,24.395573
2020,5,0.7029914,34.04359,23.932352
2020,6,0.68419033,34.04359,23.292295
2020,7,0.6730779,34.04359,22.913988
2020,8,0.66918516,34.04359,22.781466
2020,9,0.644275,34.04359,21.933434
2020,10,0.6182976,34.04359,21.049068
2020,11,0.59783304,34.04359,20.352383
2020,12,0.57548505,34.04359,19.591576
2020,13,0.5492983,34.04359,18.700087
2020,14,0.52190566,34.04359,17.767544
2020,15,0.50267494,34.04359,17.11286
2020,16,0.48826787,34.04359,16.62239
2020,17,0.4801373,34.04359,16.345596
2020,18,0.4622132,34.04359,15.735396
2020,19,0.44796374,34.04359,15.250294
2020,20,0.43031377,34.04359,14.6494255
2020,21,0.4431998,34.04359,15.088112
2020,22,0.48929194,34.04359,16.657253
2020,23,0.56832176,34.04359,19.347713
2020,24,0.6532731,34.04359,22.239761
2020,25,0.7391338,34.04359,25.162767
2020,26,0.80902815,34.04359,27.542223
2020,27,0.8527734,34.04359,29.03147
2020,28,0.8700004,34.04359,29.617937
2020,29,0.892327,34.04359,30.378016
2020,30,0.9043842,34.04359,30.788485
2020,31,0.9425048,34.04359,32.086246
2020,32,0.94574565,34.04359,32.196575
2020,33,0.9342416,34.04359,31.804937
2020,34,0.9395807,34.04359,31.9867
2020,35,0.9333341,34.04359,31.774042
2020,36,0.93024325,34.04359,31.66882
2020,37,0.9456009,34.04359,32.19165
2020,38,0.93954724,34.04359,31.985561
2020,39,0.9400591,34.04359,32.002987
2020,40,0.9491254,34.04359,32.311638
2020,41,0.960075,34.04359,32.6844
2020,42,0.94289184,34.04359,32.099422
2020,43,0.95008576,34.04359,32.34433
2020,44,0.95821744,34.04359,32.621162
2020,45,0.9717243,34.04359,33.080986
2020,46,0.9625406,34.04359,32.76834
2020,47,0.98519254,34.04359,33.539494
2020,48,0.9783386,34.04359,33.306156
2020,49,0.95546824,34.04359,32.52757
2020,50,0.92834276,34.04359,31.60412
2020,51,0.918373,34.04359,31.264713
2020,52,0.9088635,34.04359,30.940977
2020,53,0.8836849,34.04359,30.083805
2021,1,0.848984,34.04359,28.902462
2021,2,0.8143737,34.04359,27.724203
2021,3,0.790939,34.04359,26.926403
2021,4,0.75184214,34.04359,25.595406
2021,5,0.71724397,34.04359,24.417559
2021,6,0.67835563,34.04359,23.09366
2021,7,0.6483172,34.04359,22.071045
2021,8,0.6475767,34.04359,22.045835
2021,9,0.6190484,34.04359,21.07463
2021,10,0.5964693,34.04359,20.305956
2021,11,0.56573945,34.04359,19.259802
2021,12,0.5463455,34.04359,18.59956
2021,13,0.56855345,34.04359,19.3556
2021,14,0.55334187,34.04359,18.837744
2021,15,0.5221079,34.04359,17.774427
2021,16,0.5020467,34.04359,17.091473
2021,17,0.4708352,34.04359,16.028921
2021,18,0.45185745,34.04359,15.38285
2021,19,0.48731944,34.04359,16.590103
2021,20,0.52352387,34.04359,17.82263
2021,21,0.5688754,34.04359,19.36656
2021,22,0.60839504,34.04359,20.71195
2021,23,0.63160634,34.04359,21.502146
2021,24,0.65848416,34.04359,22.417164
2021,25,0.6631776,34.04359,22.576948
2021,26,0.6534176,34.04359,22.24468
2021,27,0.66617477,34.04359,22.67898
2021,28,0.6598687,34.04359,22.4643
2021,29,0.645408,34.04359,21.972004
2021,30,0.6517019,34.04359,22.186274
2021,31,0.64066255,34.04359,21.810453
2021,32,0.6302431,34.04359,21.455738
2021,33,0.61193347,34.04359,20.832413
2021,34,0.5914585,34.04359,20.13537
2021,35,0.57201433,34.04359,19.473421
2021,36,0.5540204,34.04359,18.860844
2021,37,0.53115326,34.04359,18.082363
2021,38,0.52250344,34.04359,17.787893
2021,39,0.54962903,34.04359,18.711346
2021,40,0.56363237,34.04359,19.188068
2021,41,0.5676081,34.04359,19.323418
2021,42,0.5764162,34.04359,19.623278
2021,43,0.6164039,34.04359,20.984602
2021,44,0.6387988,34.04359,21.747004
2021,45,0.633533,34.04359,21.567738
2021,46,0.6371566,34.04359,21.691097
2021,47,0.6157896,34.04359,20.963688
2021,48,0.5847662,34.04359,19.907541
2021,49,0.5484867,34.04359,18.672457
2021,50,0.5352978,34.04359,18.22346
2021,51,0.5036468,34.04359,17.145945
2021,52,0.49654698,34.04359,16.904242
2022,1,0.47632012,34.04359,16.215647
2022,2,0.46442598,34.04359,15.810727
2022,3,0.44197562,34.04359,15.046436
2022,4,0.4343157,34.04359,14.785666
2022,5,0.4201111,34.04359,14.30209
2022,6,0.40637058,34.04359,13.834313
2022,7,0.39535853,34.04359,13.459424
2022,8,0.37469733,34.04359,12.756042
2022,9,0.34086195,34.04359,11.604164
2022,10,0.31188634,34.04359,10.61773
2022,11,0.28021574,34.04359,9.53955
2022,12,0.2541247,34.04359,8.651318
2022,13,0.23097116,34.04359,7.863087
2022,14,0.21337697,34.04359,7.264118
2022,15,0.1938849,34.04359,6.600538
2022,16,0.19468652,34.04359,6.627828
2022,17,0.1860602,34.04359,6.334157
2022,18,0.18756944,34.04359,6.385537
2022,19,0.22547042,34.04359,7.6758227
2022,20,0.25129917,34.04359,8.555126
2022,21,0.30566972,34.04359,10.406095
2022,22,0.33553997,34.04359,11.422985
2022,23,0.37804607,34.04359,12.870045
2022,24,0.41274792,34.04359,14.051421
2022,25,0.43413556,34.04359,14.779533
2022,26,0.45718488,34.04359,15.564215
2022,27,0.4754842,34.04359,16.18719
2022,28,0.4830918,34.04359,16.44618
2022,29,0.48504663,34.04359,16.512728
2022,30,0.49345934,34.04359,16.799128
2022,31,0.50504756,34.04359,17.193632
2022,32,0.50275016,34.04359,17.11542
2022,33,0.50256395,34.04359,17.109081
2022,34,0.50522876,34.04359,17.1998
2022,35,0.5038513,34.04359,17.152906
2022,36,0.4993428,34.04359,16.999422
2022,37,0.5086489,34.04359,17.316235
2022,38,0.5073326,34.04359,17.271423
2022,39,0.5330236,34.04359,18.146038
2022,40,0.5937599,34.04359,20.213718
2022,41,0.6263252,34.04359,21.322357
2022,42,0.64469916,34.04359,21.947872
2022,43,0.66786975,34.04359,22.736683
2022,44,0.707407,34.04359,24.082674
2022,45,0.75286597,34.04359,25.63026
2022,46,0.74477047,34.04359,25.35466
2022,47,0.7293249,34.04359,24.828838
2022,48,0.70933944,34.04359,24.14846
2022,49,0.67807543,34.04359,23.084122
2022,50,0.6459472,34.04359,21.990362
2022,51,0.63071555,34.04359,21.471823
2022,52,0.63076174,34.04359,21.473394
2023,1,0.62133723,34.04359,21.152552
2023,2,0.61889595,34.04359,21.069439
2023,3,0.5890478,34.04359,20.0533
2023,4,0.56405026,34.04359,19.202295
2023,5,0.54451317,34.04359,18.537184
2023,6,0.52659583,34.04359,17.927214
2023,7,0.50978994,34.04359,17.35508
2023,8,0.49425843,34.04359,16.826332
2023,9,0.4656708,34.04359,15.853106
2023,10,0.43492624,34.04359,14.80645
2023,11,0.4142061,34.04359,14.101063
2023,12,0.40220535,34.04359,13.692513
2023,13,0.37900782,34.04359,12.902787
2023,14,0.35201117,34.04359,11.983724
2023,15,0.34255755,34.04359,11.661889
2023,16,0.34077984,34.04359,11.601369
2023,17,0.33385506,34.04359,11.365625
2023,18,0.323949,34.04359,11.028387
2023,19,0.35809723,34.04359,12.190915
2023,20,0.39908284,34.04359,13.586213
2023,21,0.45952475,34.04359,15.643872
2023,22,0.5059866,34.04359,17.2256
2023,23,0.5548838,34.04359,18.890236
2023,24,0.59717685,34.04359,20.330044
2023,25,0.633131,34.04359,21.554052
2023,26,0.66256064,34.04359,22.555943
2023,27,0.6801879,34.04359,23.156036
2023,28,0.70992327,34.04359,24.168337
2023,29,0.73677135,34.04359,25.082342
2023,30,0.73594403,34.04359,25.054178
2023,31,0.7332719,34.04359,24.963207
2023,32,0.7538969,34.04359,25.665358
2023,33,0.77364475,34.04359,26.337645
2023,34,0.7716727,34.04359,26.27051
2023,35,0.76097167,34.04359,25.906206
2023,36,0.74801946,34.04359,25.465267
2023,37,0.74678296,34.04359,25.423172
2023,38,0.80839324,34.04359,27.520607
2023,39,0.8288312,34.04359,28.216389
2023,40,0.8415715,34.04359,28.650116
2023,41,0.8664715,34.04359,29.4978
2023,42,0.866158,34.04359,29.48713
2023,43,0.8479994,34.04359,28.868944
2023,44,0.8393329,34.04359,28.573904
2023,45,0.8134424,34.04359,27.6925
2023,46,0.7840218,34.04359,26.690916
2023,47,0.76136625,34.04359,25.919641
2023,48,0.728488,34.04359,24.800348
2023,49,0.70021296,34.04359,23.83776
2023,50,0.6855953,34.04359,23.340124
2023,51,0.694887,34.04359,23.656446
2023,52,0.6866081,34.04359,23.374603
2024,1,0.6576412,34.04359,22.388466
2024,2,0.62157995,34.04359,21.160812
2024,3,0.5882706,34.04359,20.026844
2024,4,0.57744575,34.04359,19.658327
2024,5,0.5687347,34.04359,19.36177
2024,6,0.540744,34.04359,18.408867
2024,7,0.5113845,34.04359,17.409363
2024,8,0.48486444,34.04359,16.506525
2024,9,0.45988378,34.04359,15.656095
2024,10,0.4357456,34.04359,14.834345
2024,11,0.41666025,34.04359,14.18461
2024,12,0.39277363,34.04359,13.371424
2024,13,0.3757496,34.04359,12.791865
2024,14,0.36718762,34.04359,12.500384
2024,15,0.40228936,34.04359,13.6953745
2024,16,0.3962667,34.04359,13.490341
2024,17,0.37163088,34.04359,12.651649
2024,18,0.4106223,34.04359,13.979056
2024,19,0.45863461,34.04359,15.613568
2024,20,0.5312118,34.04359,18.084356
2024,21,0.6016162,34.04359,20.481176
2024,22,0.67487,34.04359,22.974998
2024,23,0.70696455,34.04359,24.067612
2024,24,0.7276905,34.04359,24.773197
2024,25,0.754321,34.04359,25.679794
2024,26,0.7665592,34.04359,26.096426
2024,27,0.77220386,34.04359,26.288591
2024,28,0.7840274,34.04359,26.691107
2024,29,0.78286946,34.04359,26.651688
2024,30,0.78459924,34.04359,26.710575
2024,31,0.7703461,34.04359,26.225348
2024,32,0.7864983,34.04359,26.775227
2024,33,0.7885531,34.04359,26.84518
2024,34,0.81285167,34.04359,27.672388
2024,35,0.82848465,34.04359,28.204592
2024,36,0.83049846,34.04359,28.273148
2024,37,0.84493935,34.04359,28.764769
2024,38,0.8334714,34.04359,28.37436
2024,39,0.82705885,34.04359,28.156054
2024,40,0.807193,34.04359,27.479746
2024,41,0.80498546,34.04359,27.404596
2024,42,0.80896837,34.04359,27.540188
2024,43,0.84117794,34.04359,28.636717
2024,44,0.8626214,34.04359,29.36673
2024,45,0.8437236,34.04359,28.723381
2024,46,0.8280387,34.04359,28.18941
2024,47,0.8030828,34.04359,27.339823
2024,48,0.80335563,34.04359,27.34911
2024,49,0.7955785,34.04359,27.084347
2024,50,0.77160907,34.04359,26.268341
2024,51,0.7850998,34.04359,26.727615
2024,52,0.78247654,34.04359,26.638311
2025,1,0.7643272,34.04359,26.020443
2025,2,0.73440033,34.04359,25.001623
2025,3,0.7186438,34.04359,24.465216
2025,4,0.69289005,34.04359,23.588465
2025,5,0.66215837,34.04359,22.542248
2025,6,0.6296843,34.04359,21.436714
2025,7,0.59094095,34.04359,20.117752
2025,8,0.56449884,34.04359,19.217566
2025,9,0.5456424,34.04359,18.575624
2025,10,0.5648221,34.04359,19.22857
2025,11,0.53863055,34.04359,18.336918
2025,12,0.515914,34.04359,17.563564
2025,13,0.5074443,34.04359,17.275227
2025,14,0.49362984,34.04359,16.804932
2025,15,0.4873488,34.04359,16.5911
2025,16,0.50391185,34.04359,17.154968
2025,17,0.49504167,34.04359,16.852997
2025,18,0.51651335,34.04359,17.58397
2025,19,0.51320857,34.04359,17.471462
2025,20,0.52411604,34.04359,17.84279
2025,21,0.52561456,34.04359,17.893806
2025,22,0.5423143,34.04359,18.462326
2025,23,0.56472844,34.04359,19.225384
2025,24,0.56803846,34.04359,19.338068
2025,25,0.5782236,34.04359,19.684807
2025,26,0.5953945,34.04359,20.269365
2025,27,0.6026448,34.04359,20.516193
2025,28,0.5967161,34.04359,20.314358
2025,29,0.58414936,34.04359,19.886541
2025,30,0.5679138,34.04359,19.333824
2025,31,0.5554289,34.04359,18.908794
2025,32,0.593601,34.04359,20.20831
2025,33,0.59360015,34.04359,20.208279
2025,34,0.5801018,34.04359,19.748749
2025,35,0.5709441,34.04359,19.436987
2025,36,0.6167465,34.04359,20.996264
2025,37,0.644077,34.04359,21.926693
2025,38,0.67856294,34.04359,23.10072
2025,39,0.66607124,34.04359,22.675455
2025,40,0.67252964,34.04359,22.895323
2025,41,0.68847424,34.04359,23.438135
2025,42,0.67173404,34.04359,22.868238
2025,43,0.6765313,34.04359,23.031555
2025,44,0.67458487,34.04359,22.96529
2025,45,0.6965278,34.04359,23.712307
2025,46,0.69648415,34.04359,23.710821
2025,47,0.66706455,34.04359,22.709272
2025,48,0.65094024,34.04359,22.160341
2025,49,0.6437121,34.04359,21.914272
2025,50,0.65531605,34.04359,22.30931
2025,51,0.6773256,34.04359,23.058596
2025,52,0.65479934,34.04359,22.291721
2026,1,0.6268491,34.04359,21.340193
2026,2,0.58874494,34.04359,20.04299
2026,3,0.5539971,34.04359,18.86005
2026,4,0.51660615,34.04359,17.58713
2026,5,0.4782471,34.04359,16.281248
2026,6,0.44599047,34.04359,15.183117
2026,7,0.4121345,34.04359,14.030539
2026,8,0.38459128,34.04359,13.092868
2026,9,0.3673518,34.04359,12.505974
2026,10,0.34069815,34.04359,11.598588
2026,11,0.329375,34.04359,11.213107
2026,12,0.3135147,34.04359,10.673166
2026,13,0.30637985,34.04359,10.43027
2026,14,0.2997999,34.04359,10.2062645
2026,15,0.28824767,34.04359,9.812985
2026,16,0.27594513,34.04359,9.394163
2026,17,0.28227305,34.04359,9.609588
2026,18,0.28811327,34.04359,9.80841
2026,19,0.28189385,34.04359,9.596679
2026,20,0.27825215,34.04359,9.472702
2026,21,0.32420713,34.04359,11.037175
2026,22,0.376217,34.04359,12.807777
2026,23,0.4464971,34.04359,15.200364
2026,24,0.49762768,34.04359,16.941032
